year_month_day,count
2010-02-01,201916
2010-02-02,220006
2010-02-03,224521
2010-02-04,235707
2010-02-05,243352
2010-02-06,234441
2010-02-07,210153
2010-02-08,419895
2010-02-09,453579
2010-02-10,258603
2010-02-11,455701
2010-02-12,512750
2010-02-13,535211
2010-02-14,488688
2010-02-15,411343
2010-02-16,455410
2010-02-17,484534
2010-02-18,500656
2010-02-19,525498
2010-02-20,510832
2010-02-21,435752
2010-02-22,426640
2010-02-23,497569
2010-02-24,482422
2010-02-25,456224
2010-02-26,345427
2010-02-27,485285
2010-02-28,433294
2010-03-01,198371
2010-03-02,216609
2010-03-03,232270
2010-03-04,235837
2010-03-05,250230
2010-03-06,243687
2010-03-07,208791
2010-03-08,424772
2010-03-09,452754
2010-03-10,475303
2010-03-11,508406
2010-03-12,534341
2010-03-13,559794
2010-03-14,406596
2010-03-15,435158
2010-03-16,456307
2010-03-17,472238
2010-03-18,514325
2010-03-19,512296
2010-03-20,508270
2010-03-21,437847
2010-03-22,428910
2010-03-23,443601
2010-03-24,454212
2010-03-25,481555
2010-03-26,526238
2010-03-27,510637
2010-03-28,437911
2010-03-29,408268
2010-03-30,457378
2010-03-31,451450
2010-04-01,510659
2010-04-02,515360
2010-04-03,495758
2010-04-04,404242
2010-04-05,420822
2010-04-06,473454
2010-04-07,509071
2010-04-08,531731
2010-04-09,567817
2010-04-10,542110
2010-04-11,449570
2010-04-12,441135
2010-04-13,492310
2010-04-14,503936
2010-04-15,537625
2010-04-16,576664
2010-04-17,539234
2010-04-18,461085
2010-04-19,451630
2010-04-20,495674
2010-04-21,518621
2010-04-22,529447
2010-04-23,551788
2010-04-24,533578
2010-04-25,484002
2010-04-26,487847
2010-04-27,507853
2010-04-28,526081
2010-04-29,533131
2010-04-30,552755
2010-05-01,544422
2010-05-02,461661
2010-05-03,468707
2010-05-04,496771
2010-05-05,528082
2010-05-06,552370
2010-05-07,545691
2010-05-08,543307
2010-05-09,468081
2010-05-10,474256
2010-05-11,512233
2010-05-12,541377
2010-05-13,536206
2010-05-14,570623
2010-05-15,550161
2010-05-16,473295
2010-05-17,482229
2010-05-18,526103
2010-05-19,523461
2010-05-20,539039
2010-05-21,561154
2010-05-22,532922
2010-05-23,445304
2010-05-24,467651
2010-05-25,503947
2010-05-26,525366
2010-05-27,531817
2010-05-28,499459
2010-05-29,409711
2010-05-30,355716
2010-05-31,310229
2010-06-01,433681
2010-06-02,474038
2010-06-03,506735
2010-06-04,516573
2010-06-05,497157
2010-06-06,447969
2010-06-07,465654
2010-06-08,504854
2010-06-09,532750
2010-06-10,527746
2010-06-11,540940
2010-06-12,508356
2010-06-13,410888
2010-06-14,452676
2010-06-15,494131
2010-06-16,516317
2010-06-17,532605
2010-06-18,540185
2010-06-19,494356
2010-06-20,431055
2010-06-21,457086
2010-06-22,501250
2010-06-23,524328
2010-06-24,546239
2010-06-25,541371
2010-06-26,515068
2010-06-27,442750
2010-06-28,476576
2010-06-29,496467
2010-06-30,495327
2010-07-01,493201
2010-07-02,446040
2010-07-03,351487
2010-07-04,303313
2010-07-05,316785
2010-07-06,455568
2010-07-07,492915
2010-07-08,507550
2010-07-09,508297
2010-07-10,463176
2010-07-11,439969
2010-07-12,459276
2010-07-13,522877
2010-07-14,548511
2010-07-15,555926
2010-07-16,571536
2010-07-17,522006
2010-07-18,431035
2010-07-19,434331
2010-07-20,465401
2010-07-21,488716
2010-07-22,495318
2010-07-23,506913
2010-07-24,476456
2010-07-25,425807
2010-07-26,478563
2010-07-27,485574
2010-07-28,495848
2010-07-29,525544
2010-07-30,518741
2010-07-31,469839
2010-08-01,393123
2010-08-02,213012
2010-08-03,237940
2010-08-04,253133
2010-08-05,374682
2010-08-06,443277
2010-08-07,431579
2010-08-08,380533
2010-08-09,399063
2010-08-10,439757
2010-08-11,460682
2010-08-12,468309
2010-08-13,464743
2010-08-14,422275
2010-08-15,390628
2010-08-16,400649
2010-08-17,439713
2010-08-18,447950
2010-08-19,471834
2010-08-20,459208
2010-08-21,413643
2010-08-22,378033
2010-08-23,386820
2010-08-24,411233
2010-08-25,450101
2010-08-26,448597
2010-08-27,449620
2010-08-28,415753
2010-08-29,382325
2010-08-30,374881
2010-08-31,425081
2010-09-01,450430
2010-09-02,460210
2010-09-03,442044
2010-09-04,396123
2010-09-05,358956
2010-09-06,313522
2010-09-07,425314
2010-09-08,459918
2010-09-09,466722
2010-09-10,445620
2010-09-11,487246
2010-09-12,446776
2010-09-13,443251
2010-09-14,478690
2010-09-15,500102
2010-09-16,480089
2010-09-17,512409
2010-09-18,487462
2010-09-19,849414
2010-09-20,611543
2010-09-21,647329
2010-09-22,678683
2010-09-23,679260
2010-09-24,725850
2010-09-25,763954
2010-09-26,659536
2010-09-27,431238
2010-09-28,462463
2010-09-29,479392
2010-09-30,496663
2010-10-01,238654
2010-10-02,243227
2010-10-03,210638
2010-10-04,437478
2010-10-05,457320
2010-10-06,478150
2010-10-07,500079
2010-10-08,504352
2010-10-09,517193
2010-10-10,450096
2010-10-11,407946
2010-10-12,458975
2010-10-13,475721
2010-10-14,483217
2010-10-15,519133
2010-10-16,527770
2010-10-17,458957
2010-10-18,437508
2010-10-19,463863
2010-10-20,494298
2010-10-21,514747
2010-10-22,526895
2010-10-23,520336
2010-10-24,449067
2010-10-25,430755
2010-10-26,464447
2010-10-27,481165
2010-10-28,502133
2010-10-29,530378
2010-10-30,538906
2010-10-31,476203
2010-11-01,469959
2010-11-02,467600
2010-11-03,489993
2010-11-04,503474
2010-11-05,518384
2010-11-06,533472
2010-11-07,463361
2010-11-08,449663
2010-11-09,463095
2010-11-10,485536
2010-11-11,488502
2010-11-12,516791
2010-11-13,524168
2010-11-14,459664
2010-11-15,437409
2010-11-16,451557
2010-11-17,471097
2010-11-18,503964
2010-11-19,533366
2010-11-20,531685
2010-11-21,455695
2010-11-22,426384
2010-11-23,459034
2010-11-24,460056
2010-11-25,321817
2010-11-26,351076
2010-11-27,419877
2010-11-28,389040
2010-11-29,419082
2010-11-30,447509
2010-12-01,487760
2010-12-02,507371
2010-12-03,535199
2010-12-04,544471
2010-12-05,476614
2010-12-06,468980
2010-12-07,496863
2010-12-08,509366
2010-12-09,530098
2010-12-10,540916
2010-12-11,531754
2010-12-12,462970
2010-12-13,469412
2010-12-14,508713
2010-12-15,522687
2010-12-16,531076
2010-12-17,549697
2010-12-18,536073
2010-12-19,475509
2010-12-20,464187
2010-12-21,487812
2010-12-22,485123
2010-12-23,459871
2010-12-24,361296
2010-12-25,226051
2010-12-26,193529
2010-12-27,72025
2010-12-28,247546
2010-12-29,332715
2010-12-30,372902
2010-12-31,430727
2011-01-01,183031
2011-01-02,158706
2011-01-03,374927
2011-01-04,407012
2011-01-05,439070
2011-01-06,476390
2011-01-07,486988
2011-01-08,500272
2011-01-09,451117
2011-01-10,449946
2011-01-11,471811
2011-01-12,361127
2011-01-13,488565
2011-01-14,512868
2011-01-15,485503
2011-01-16,446699
2011-01-17,386391
2011-01-18,442217
2011-01-19,477235
2011-01-20,501964
2011-01-21,504589
2011-01-22,541375
2011-01-23,469484
2011-01-24,443065
2011-01-25,451381
2011-01-26,410620
2011-01-27,315655
2011-01-28,450996
2011-01-29,508017
2011-01-30,443204
2011-01-31,424772
2011-02-01,450558
2011-02-02,444931
2011-02-03,497558
2011-02-04,523507
2011-02-05,543523
2011-02-06,451016
2011-02-07,442577
2011-02-08,495221
2011-02-09,522735
2011-02-10,541334
2011-02-11,568193
2011-02-12,592896
2011-02-13,494049
2011-02-14,499431
2011-02-15,534436
2011-02-16,518097
2011-02-17,520081
2011-02-18,536865
2011-02-19,573781
2011-02-20,481920
2011-02-21,416751
2011-02-22,484791
2011-02-23,506407
2011-02-24,526787
2011-02-25,565914
2011-02-26,552910
2011-02-27,461969
2011-02-28,454571
2011-03-01,498985
2011-03-02,531705
2011-03-03,555658
2011-03-04,576062
2011-03-05,562352
2011-03-06,502110
2011-03-07,479212
2011-03-08,511207
2011-03-09,537897
2011-03-10,541403
2011-03-11,557379
2011-03-12,565030
2011-03-13,464156
2011-03-14,459835
2011-03-15,507174
2011-03-16,520115
2011-03-17,514167
2011-03-18,574200
2011-03-19,568994
2011-03-20,485327
2011-03-21,456000
2011-03-22,483775
2011-03-23,522281
2011-03-24,529221
2011-03-25,557701
2011-03-26,558897
2011-03-27,466137
2011-03-28,443179
2011-03-29,490832
2011-03-30,504851
2011-03-31,540509
2011-04-01,288633
2011-04-02,278780
2011-04-03,240633
2011-04-04,458737
2011-04-05,525459
2011-04-06,515766
2011-04-07,541474
2011-04-08,564808
2011-04-09,548386
2011-04-10,474893
2011-04-11,467738
2011-04-12,524355
2011-04-13,531832
2011-04-14,532820
2011-04-15,571983
2011-04-16,576321
2011-04-17,458907
2011-04-18,456631
2011-04-19,496251
2011-04-20,517462
2011-04-21,534263
2011-04-22,542235
2011-04-23,513729
2011-04-24,440867
2011-04-25,454325
2011-04-26,503392
2011-04-27,513133
2011-04-28,540910
2011-04-29,562436
2011-04-30,541814
2011-05-01,473899
2011-05-02,479236
2011-05-03,503275
2011-05-04,539514
2011-05-05,541380
2011-05-06,561132
2011-05-07,528998
2011-05-08,448546
2011-05-09,460656
2011-05-10,509305
2011-05-11,520892
2011-05-12,539772
2011-05-13,562697
2011-05-14,557750
2011-05-15,481463
2011-05-16,493934
2011-05-17,532811
2011-05-18,519183
2011-05-19,539842
2011-05-20,554476
2011-05-21,539651
2011-05-22,484602
2011-05-23,474504
2011-05-24,510123
2011-05-25,518432
2011-05-26,520040
2011-05-27,508026
2011-05-28,443284
2011-05-29,393415
2011-05-30,351394
2011-05-31,462636
2011-06-01,514961
2011-06-02,525586
2011-06-03,537879
2011-06-04,521288
2011-06-05,447307
2011-06-06,477033
2011-06-07,521681
2011-06-08,543169
2011-06-09,545633
2011-06-10,542323
2011-06-11,536703
2011-06-12,434022
2011-06-13,466033
2011-06-14,498734
2011-06-15,513931
2011-06-16,536628
2011-06-17,529061
2011-06-18,517492
2011-06-19,442999
2011-06-20,457009
2011-06-21,496175
2011-06-22,519225
2011-06-23,523643
2011-06-24,538492
2011-06-25,512753
2011-06-26,439888
2011-06-27,456836
2011-06-28,490144
2011-06-29,504271
2011-06-30,506962
2011-07-01,476534
2011-07-02,381582
2011-07-03,331272
2011-07-04,310280
2011-07-05,424741
2011-07-06,470577
2011-07-07,505784
2011-07-08,519585
2011-07-09,479097
2011-07-10,433359
2011-07-11,451373
2011-07-12,502464
2011-07-13,507784
2011-07-14,518011
2011-07-15,529274
2011-07-16,499358
2011-07-17,449374
2011-07-18,469451
2011-07-19,494873
2011-07-20,508813
2011-07-21,549537
2011-07-22,554099
2011-07-23,515998
2011-07-24,451457
2011-07-25,450257
2011-07-26,483496
2011-07-27,497998
2011-07-28,518406
2011-07-29,525334
2011-07-30,487922
2011-07-31,444471
2011-08-01,453134
2011-08-02,489837
2011-08-03,514042
2011-08-04,501436
2011-08-05,513817
2011-08-06,482363
2011-08-07,418949
2011-08-08,431148
2011-08-09,466284
2011-08-10,487146
2011-08-11,500648
2011-08-12,504845
2011-08-13,469428
2011-08-14,222035
2011-08-15,428099
2011-08-16,471369
2011-08-17,488697
2011-08-18,504280
2011-08-19,496141
2011-08-20,450004
2011-08-21,228315
2011-08-22,403936
2011-08-23,443809
2011-08-24,467486
2011-08-25,488317
2011-08-26,487789
2011-08-27,208398
2011-08-28,29028
2011-08-29,334767
2011-08-30,414473
2011-08-31,462421
2011-09-01,480158
2011-09-02,485219
2011-09-03,456817
2011-09-04,415971
2011-09-05,357241
2011-09-06,465645
2011-09-07,499146
2011-09-08,522590
2011-09-09,502873
2011-09-10,527145
2011-09-11,456827
2011-09-12,463483
2011-09-13,508386
2011-09-14,526982
2011-09-15,525471
2011-09-16,539618
2011-09-17,551476
2011-09-18,476211
2011-09-19,446868
2011-09-20,453379
2011-09-21,463695
2011-09-22,501147
2011-09-23,509316
2011-09-24,541956
2011-09-25,469903
2011-09-26,458222
2011-09-27,492595
2011-09-28,499160
2011-09-29,494529
2011-09-30,534719
2011-10-01,537727
2011-10-02,456650
2011-10-03,462816
2011-10-04,487802
2011-10-05,510157
2011-10-06,530849
2011-10-07,539299
2011-10-08,532627
2011-10-09,472749
2011-10-10,418498
2011-10-11,481239
2011-10-12,516333
2011-10-13,535781
2011-10-14,547145
2011-10-15,559275
2011-10-16,486136
2011-10-17,460319
2011-10-18,494946
2011-10-19,495948
2011-10-20,520448
2011-10-21,552267
2011-10-22,551841
2011-10-23,476839
2011-10-24,466532
2011-10-25,495204
2011-10-26,510592
2011-10-27,521836
2011-10-28,546441
2011-10-29,587917
2011-10-30,487256
2011-10-31,454335
2011-11-01,517114
2011-11-02,502914
2011-11-03,529937
2011-11-04,556386
2011-11-05,564543
2011-11-06,442365
2011-11-07,459814
2011-11-08,494495
2011-11-09,513958
2011-11-10,528337
2011-11-11,533315
2011-11-12,532126
2011-11-13,462245
2011-11-14,460380
2011-11-15,491805
2011-11-16,498245
2011-11-17,530615
2011-11-18,546783
2011-11-19,555001
2011-11-20,464152
2011-11-21,457008
2011-11-22,468358
2011-11-23,472771
2011-11-24,328093
2011-11-25,367964
2011-11-26,434662
2011-11-27,409997
2011-11-28,431356
2011-11-29,475305
2011-11-30,495819
2011-12-01,523721
2011-12-02,553089
2011-12-03,560424
2011-12-04,476963
2011-12-05,467200
2011-12-06,485597
2011-12-07,505162
2011-12-08,527344
2011-12-09,553727
2011-12-10,568840
2011-12-11,488680
2011-12-12,477049
2011-12-13,511172
2011-12-14,509526
2011-12-15,540584
2011-12-16,570671
2011-12-17,565656
2011-12-18,508621
2011-12-19,474652
2011-12-20,497404
2011-12-21,503978
2011-12-22,495837
2011-12-23,474183
2011-12-24,373366
2011-12-25,231895
2011-12-26,288572
2011-12-27,377571
2011-12-28,415381
2011-12-29,457167
2011-12-30,465202
2011-12-31,476749
2012-01-01,199957
2012-01-02,300383
2012-01-03,387214
2012-01-04,416039
2012-01-05,426504
2012-01-06,449436
2012-01-07,458633
2012-01-08,407460
2012-01-09,385618
2012-01-10,413560
2012-01-11,432503
2012-01-12,445909
2012-01-13,486184
2012-01-14,478515
2012-01-15,447121
2012-01-16,368669
2012-01-17,427059
2012-01-18,448391
2012-01-19,452776
2012-01-20,498381
2012-01-21,457722
2012-01-22,406350
2012-01-23,388408
2012-01-24,409166
2012-01-25,436746
2012-01-26,459351
2012-01-27,468610
2012-01-28,481407
2012-01-29,409191
2012-01-30,396866
2012-01-31,414219
2012-02-01,464700
2012-02-02,495128
2012-02-03,539648
2012-02-04,525266
2012-02-05,447889
2012-02-06,428279
2012-02-07,453837
2012-02-08,470659
2012-02-09,487890
2012-02-10,507113
2012-02-11,558170
2012-02-12,473160
2012-02-13,420788
2012-02-14,445018
2012-02-15,443933
2012-02-16,441838
2012-02-17,438029
2012-02-18,435518
2012-02-19,384311
2012-02-20,380899
2012-02-21,430566
2012-02-22,450353
2012-02-23,475693
2012-02-24,501722
2012-02-25,524037
2012-02-26,428736
2012-02-27,394398
2012-02-28,439268
2012-02-29,474499
2012-03-01,526559
2012-03-02,578422
2012-03-03,557669
2012-03-04,485995
2012-03-05,482835
2012-03-06,515123
2012-03-07,526420
2012-03-08,547572
2012-03-09,583989
2012-03-10,584033
2012-03-11,462052
2012-03-12,451512
2012-03-13,492437
2012-03-14,514429
2012-03-15,551806
2012-03-16,563313
2012-03-17,559115
2012-03-18,459165
2012-03-19,436371
2012-03-20,476880
2012-03-21,507290
2012-03-22,530119
2012-03-23,560953
2012-03-24,553807
2012-03-25,470596
2012-03-26,475909
2012-03-27,498887
2012-03-28,511830
2012-03-29,536892
2012-03-30,562970
2012-03-31,581973
2012-04-01,462901
2012-04-02,435297
2012-04-03,449254
2012-04-04,441447
2012-04-05,460760
2012-04-06,490047
2012-04-07,451329
2012-04-08,365694
2012-04-09,372306
2012-04-10,449912
2012-04-11,451950
2012-04-12,467201
2012-04-13,492826
2012-04-14,517453
2012-04-15,437462
2012-04-16,422522
2012-04-17,459214
2012-04-18,488729
2012-04-19,491850
2012-04-20,518940
2012-04-21,511357
2012-04-22,450911
2012-04-23,395685
2012-04-24,404537
2012-04-25,403793
2012-04-26,458997
2012-04-27,462718
2012-04-28,424391
2012-04-29,375690
2012-04-30,412629
2012-05-01,437332
2012-05-02,471326
2012-05-03,497359
2012-05-04,532197
2012-05-05,548847
2012-05-06,436782
2012-05-07,434598
2012-05-08,461062
2012-05-09,498893
2012-05-10,489674
2012-05-11,495263
2012-05-12,487020
2012-05-13,434914
2012-05-14,438749
2012-05-15,478496
2012-05-16,493033
2012-05-17,485313
2012-05-18,410243
2012-05-19,493950
2012-05-20,442962
2012-05-21,417920
2012-05-22,455302
2012-05-23,440445
2012-05-24,423993
2012-05-25,423422
2012-05-26,398146
2012-05-27,328351
2012-05-28,293636
2012-05-29,444016
2012-05-30,446563
2012-05-31,425446
2012-06-01,548802
2012-06-02,513101
2012-06-03,452251
2012-06-04,477167
2012-06-05,511597
2012-06-06,523262
2012-06-07,538013
2012-06-08,545823
2012-06-09,523509
2012-06-10,441048
2012-06-11,469554
2012-06-12,508298
2012-06-13,521020
2012-06-14,528608
2012-06-15,537602
2012-06-16,507227
2012-06-17,436561
2012-06-18,454274
2012-06-19,496826
2012-06-20,531734
2012-06-21,550983
2012-06-22,546016
2012-06-23,508957
2012-06-24,444539
2012-06-25,456040
2012-06-26,485211
2012-06-27,507550
2012-06-28,517788
2012-06-29,532261
2012-06-30,480846
2012-07-01,424112
2012-07-02,409243
2012-07-03,449319
2012-07-04,379565
2012-07-05,420664
2012-07-06,437348
2012-07-07,423072
2012-07-08,392852
2012-07-09,431480
2012-07-10,475189
2012-07-11,506013
2012-07-12,515258
2012-07-13,528210
2012-07-14,484527
2012-07-15,446608
2012-07-16,455194
2012-07-17,502991
2012-07-18,492858
2012-07-19,510436
2012-07-20,514343
2012-07-21,470690
2012-07-22,425024
2012-07-23,456713
2012-07-24,494027
2012-07-25,499743
2012-07-26,514587
2012-07-27,514026
2012-07-28,482502
2012-07-29,418627
2012-07-30,436752
2012-07-31,467334
2012-08-01,473879
2012-08-02,511701
2012-08-03,522304
2012-08-04,482992
2012-08-05,434836
2012-08-06,438462
2012-08-07,467911
2012-08-08,491155
2012-08-09,512109
2012-08-10,512631
2012-08-11,463899
2012-08-12,403362
2012-08-13,417636
2012-08-14,462678
2012-08-15,477867
2012-08-16,497924
2012-08-17,507548
2012-08-18,463511
2012-08-19,388379
2012-08-20,412445
2012-08-21,452692
2012-08-22,470301
2012-08-23,491305
2012-08-24,487594
2012-08-25,456603
2012-08-26,402829
2012-08-27,409874
2012-08-28,452675
2012-08-29,460015
2012-08-30,475770
2012-08-31,478865
2012-09-01,441713
2012-09-02,388703
2012-09-03,347615
2012-09-04,456512
2012-09-05,501150
2012-09-06,529502
2012-09-07,566505
2012-09-08,558611
2012-09-09,485531
2012-09-10,468765
2012-09-11,491633
2012-09-12,505646
2012-09-13,526472
2012-09-14,541363
2012-09-15,530859
2012-09-16,452545
2012-09-17,399464
2012-09-18,457179
2012-09-19,504883
2012-09-20,527113
2012-09-21,533328
2012-09-22,544721
2012-09-23,461109
2012-09-24,420333
2012-09-25,435286
2012-09-26,440115
2012-09-27,492045
2012-09-28,518681
2012-09-29,547796
2012-09-30,471676
2012-10-01,440313
2012-10-02,483814
2012-10-03,499493
2012-10-04,526930
2012-10-05,536824
2012-10-06,545955
2012-10-07,475409
2012-10-08,404474
2012-10-09,479261
2012-10-10,500107
2012-10-11,521018
2012-10-12,556519
2012-10-13,547776
2012-10-14,462850
2012-10-15,454171
2012-10-16,490846
2012-10-17,504137
2012-10-18,517804
2012-10-19,547098
2012-10-20,535041
2012-10-21,472616
2012-10-22,447455
2012-10-23,490505
2012-10-24,508006
2012-10-25,522739
2012-10-26,499439
2012-10-27,536484
2012-10-28,430478
2012-10-29,113808
2012-10-30,181706
2012-10-31,289239
2012-11-01,335121
2012-11-02,321535
2012-11-03,439274
2012-11-04,434019
2012-11-05,420930
2012-11-06,450531
2012-11-07,443551
2012-11-08,486267
2012-11-09,530408
2012-11-10,553368
2012-11-11,473452
2012-11-12,427400
2012-11-13,488583
2012-11-14,491671
2012-11-15,515282
2012-11-16,537113
2012-11-17,547382
2012-11-18,466313
2012-11-19,450665
2012-11-20,471370
2012-11-21,467989
2012-11-22,328991
2012-11-23,369154
2012-11-24,441814
2012-11-25,413434
2012-11-26,436770
2012-11-27,477516
2012-11-28,495403
2012-11-29,519636
2012-11-30,541088
2012-12-01,569805
2012-12-02,484310
2012-12-03,453814
2012-12-04,485435
2012-12-05,513344
2012-12-06,519812
2012-12-07,530731
2012-12-08,548773
2012-12-09,487840
2012-12-10,450641
2012-12-11,495098
2012-12-12,516453
2012-12-13,538650
2012-12-14,565711
2012-12-15,555458
2012-12-16,485255
2012-12-17,476358
2012-12-18,501700
2012-12-19,520247
2012-12-20,531204
2012-12-21,538664
2012-12-22,482527
2012-12-23,368789
2012-12-24,344594
2012-12-25,227615
2012-12-26,347026
2012-12-27,401642
2012-12-28,431556
2012-12-29,442861
2012-12-30,426739
2012-12-31,453958
2013-01-01,412630
2013-01-02,393001
2013-01-03,441233
2013-01-04,478437
2013-01-05,473804
2013-01-06,403667
2013-01-07,407363
2013-01-08,441778
2013-01-09,457471
2013-01-10,487949
2013-01-11,521398
2013-01-12,507429
2013-01-13,442541
2013-01-14,443650
2013-01-15,496899
2013-01-16,500065
2013-01-17,512533
2013-01-18,543734
2013-01-19,510530
2013-01-20,459393
2013-01-21,384614
2013-01-22,496005
2013-01-23,520520
2013-01-24,533039
2013-01-25,537188
2013-01-26,557203
2013-01-27,470833
2013-01-28,450789
2013-01-29,477382
2013-01-30,482378
2013-01-31,531161
2013-02-01,567076
2013-02-02,569777
2013-02-03,472623
2013-02-04,457093
2013-02-05,482637
2013-02-06,506443
2013-02-07,535105
2013-02-08,432643
2013-02-09,392006
2013-02-10,459612
2013-02-11,458947
2013-02-12,503963
2013-02-13,524250
2013-02-14,527476
2013-02-15,537129
2013-02-16,542291
2013-02-17,506209
2013-02-18,407104
2013-02-19,456383
2013-02-20,512507
2013-02-21,538079
2013-02-22,558738
2013-02-23,584812
2013-02-24,474783
2013-02-25,451955
2013-02-26,496612
2013-02-27,509033
2013-02-28,524890
2013-03-01,564492
2013-03-02,584654
2013-03-03,493312
2013-03-04,466591
2013-03-05,493815
2013-03-06,518309
2013-03-07,538316
2013-03-08,545587
2013-03-09,562200
2013-03-10,468337
2013-03-11,451483
2013-03-12,494922
2013-03-13,514843
2013-03-14,552660
2013-03-15,559360
2013-03-16,574056
2013-03-17,493734
2013-03-18,458062
2013-03-19,477028
2013-03-20,493779
2013-03-21,505003
2013-03-22,548247
2013-03-23,553332
2013-03-24,468001
2013-03-25,438928
2013-03-26,460401
2013-03-27,486853
2013-03-28,512225
2013-03-29,519004
2013-03-30,504537
2013-03-31,447157
2013-04-01,427521
2013-04-02,494089
2013-04-03,512272
2013-04-04,529856
2013-04-05,550243
2013-04-06,529319
2013-04-07,460490
2013-04-08,440436
2013-04-09,476894
2013-04-10,503156
2013-04-11,525025
2013-04-12,562256
2013-04-13,551615
2013-04-14,484867
2013-04-15,449330
2013-04-16,468731
2013-04-17,487439
2013-04-18,511015
2013-04-19,527304
2013-04-20,551146
2013-04-21,466500
2013-04-22,424893
2013-04-23,450620
2013-04-24,439617
2013-04-25,476821
2013-04-26,498256
2013-04-27,486757
2013-04-28,429670
2013-04-29,456511
2013-04-30,479979
2013-05-01,496654
2013-05-02,523150
2013-05-03,550959
2013-05-04,554561
2013-05-05,488396
2013-05-06,468128
2013-05-07,490808
2013-05-08,509311
2013-05-09,526752
2013-05-10,538311
2013-05-11,540132
2013-05-12,461193
2013-05-13,460124
2013-05-14,490347
2013-05-15,508359
2013-05-16,528160
2013-05-17,533823
2013-05-18,535926
2013-05-19,489710
2013-05-20,466778
2013-05-21,499524
2013-05-22,502907
2013-05-23,492055
2013-05-24,493125
2013-05-25,453460
2013-05-26,384516
2013-05-27,336266
2013-05-28,445789
2013-05-29,479913
2013-05-30,510309
2013-05-31,525606
2013-06-01,533686
2013-06-02,451758
2013-06-03,452843
2013-06-04,477247
2013-06-05,497525
2013-06-06,515390
2013-06-07,532092
2013-06-08,489509
2013-06-09,441053
2013-06-10,461167
2013-06-11,473608
2013-06-12,486639
2013-06-13,519795
2013-06-14,507938
2013-06-15,495600
2013-06-16,421987
2013-06-17,437845
2013-06-18,467426
2013-06-19,489915
2013-06-20,499545
2013-06-21,505615
2013-06-22,474408
2013-06-23,436668
2013-06-24,437610
2013-06-25,470671
2013-06-26,487692
2013-06-27,504877
2013-06-28,506807
2013-06-29,490613
2013-06-30,417927
2013-07-01,422480
2013-07-02,442300
2013-07-03,435265
2013-07-04,326471
2013-07-05,353054
2013-07-06,355218
2013-07-07,358766
2013-07-08,413838
2013-07-09,458674
2013-07-10,474780
2013-07-11,495023
2013-07-12,507426
2013-07-13,468743
2013-07-14,435797
2013-07-15,443449
2013-07-16,466846
2013-07-17,496511
2013-07-18,513766
2013-07-19,515946
2013-07-20,485994
2013-07-21,414532
2013-07-22,440457
2013-07-23,465257
2013-07-24,476404
2013-07-25,487993
2013-07-26,483652
2013-07-27,457849
2013-07-28,415239
2013-07-29,409210
2013-07-30,443487
2013-07-31,459413
2013-08-01,300315
2013-08-02,236748
2013-08-03,225323
2013-08-04,194475
2013-08-05,383602
2013-08-06,417423
2013-08-07,394662
2013-08-08,404148
2013-08-09,450976
2013-08-10,415623
2013-08-11,134441
2013-08-12,339480
2013-08-13,416050
2013-08-14,365100
2013-08-15,450853
2013-08-16,424124
2013-08-17,389880
2013-08-18,375950
2013-08-19,360019
2013-08-20,397518
2013-08-21,438413
2013-08-22,452890
2013-08-23,450618
2013-08-24,427934
2013-08-25,385659
2013-08-26,369575
2013-08-27,396498
2013-08-28,418822
2013-08-29,426859
2013-08-30,429453
2013-08-31,408094
2013-09-01,384470
2013-09-02,332266
2013-09-03,422359
2013-09-04,453983
2013-09-05,467390
2013-09-06,508640
2013-09-07,511269
2013-09-08,462607
2013-09-09,451162
2013-09-10,483385
2013-09-11,501093
2013-09-12,503526
2013-09-13,523280
2013-09-14,518170
2013-09-15,462795
2013-09-16,444748
2013-09-17,468093
2013-09-18,484596
2013-09-19,504010
2013-09-20,523123
2013-09-21,535226
2013-09-22,457166
2013-09-23,411837
2013-09-24,435121
2013-09-25,461769
2013-09-26,484958
2013-09-27,502250
2013-09-28,526082
2013-09-29,457888
2013-09-30,424431
2013-10-01,452769
2013-10-02,475182
2013-10-03,496807
2013-10-04,520937
2013-10-05,538444
2013-10-06,457691
2013-10-07,426030
2013-10-08,459784
2013-10-09,484883
2013-10-10,507456
2013-10-11,516171
2013-10-12,524068
2013-10-13,462766
2013-10-14,403416
2013-10-15,430354
2013-10-16,477305
2013-10-17,506341
2013-10-18,526590
2013-10-19,549186
2013-10-20,473864
2013-10-21,435562
2013-10-22,466786
2013-10-23,495387
2013-10-24,513937
2013-10-25,530999
2013-10-26,536130
2013-10-27,468421
2013-10-28,432200
2013-10-29,463945
2013-10-30,481728
2013-10-31,489417
2013-11-01,555745
2013-11-02,550253
2013-11-03,482847
2013-11-04,448323
2013-11-05,467510
2013-11-06,483207
2013-11-07,508154
2013-11-08,528447
2013-11-09,545002
2013-11-10,473151
2013-11-11,417822
2013-11-12,473987
2013-11-13,492095
2013-11-14,506377
2013-11-15,514297
2013-11-16,538546
2013-11-17,464838
2013-11-18,425004
2013-11-19,475478
2013-11-20,493407
2013-11-21,497944
2013-11-22,524547
2013-11-23,553845
2013-11-24,498122
2013-11-25,445802
2013-11-26,438122
2013-11-27,447133
2013-11-28,331610
2013-11-29,373808
2013-11-30,433028
2013-12-01,398089
2013-12-02,427094
2013-12-03,463782
2013-12-04,471838
2013-12-05,498220
2013-12-06,530748
2013-12-07,552655
2013-12-08,488180
2013-12-09,452108
2013-12-10,478456
2013-12-11,485363
2013-12-12,507534
2013-12-13,543606
2013-12-14,516303
2013-12-15,458267
2013-12-16,454088
2013-12-17,481726
2013-12-18,488390
2013-12-19,496031
2013-12-20,520424
2013-12-21,478717
2013-12-22,403373
2013-12-23,385241
2013-12-24,369596
2013-12-25,245723
2013-12-26,321895
2013-12-27,381837
2013-12-28,391307
2013-12-29,407235
2013-12-30,405705
2013-12-31,467587
2014-01-01,420834
2014-01-02,359958
2014-01-03,275470
2014-01-04,417499
2014-01-05,388542
2014-01-06,395445
2014-01-07,460052
2014-01-08,473611
2014-01-09,479714
2014-01-10,507732
2014-01-11,511172
2014-01-12,450487
2014-01-13,419698
2014-01-14,454108
2014-01-15,466443
2014-01-16,482037
2014-01-17,490852
2014-01-18,507033
2014-01-19,462238
2014-01-20,378451
2014-01-21,255518
2014-01-22,377773
2014-01-23,462469
2014-01-24,509509
2014-01-25,530551
2014-01-26,457026
2014-01-27,418863
2014-01-28,468729
2014-01-29,477984
2014-01-30,495971
2014-01-31,526748
2014-02-01,533783
2014-02-02,464225
2014-02-03,382517
2014-02-04,454444
2014-02-05,413853
2014-02-06,478790
2014-02-07,512218
2014-02-08,549967
2014-02-09,466492
2014-02-10,435911
2014-02-11,489373
2014-02-12,481968
2014-02-13,326187
2014-02-14,472229
2014-02-15,491375
2014-02-16,457332
2014-02-17,391726
2014-02-18,419655
2014-02-19,446126
2014-02-20,466020
2014-02-21,503515
2014-02-22,522080
2014-02-23,442458
2014-02-24,439480
2014-02-25,472383
2014-02-26,492982
2014-02-27,512342
2014-02-28,544363
2014-03-01,554906
2014-03-02,462065
2014-03-03,463982
2014-03-04,499349
2014-03-05,508381
2014-03-06,531137
2014-03-07,547177
2014-03-08,551574
2014-03-09,473451
2014-03-10,442200
2014-03-11,456983
2014-03-12,483326
2014-03-13,549191
2014-03-14,539176
2014-03-15,547916
2014-03-16,485008
2014-03-17,433321
2014-03-18,469975
2014-03-19,489567
2014-03-20,500070
2014-03-21,516535
2014-03-22,534441
2014-03-23,480744
2014-03-24,443322
2014-03-25,461531
2014-03-26,502757
2014-03-27,507907
2014-03-28,522411
2014-03-29,574530
2014-03-30,462771
2014-03-31,432430
2014-04-01,462503
2014-04-02,483841
2014-04-03,499912
2014-04-04,544519
2014-04-05,543175
2014-04-06,475267
2014-04-07,460614
2014-04-08,467018
2014-04-09,484663
2014-04-10,498870
2014-04-11,506025
2014-04-12,540202
2014-04-13,472041
2014-04-14,419268
2014-04-15,481424
2014-04-16,495438
2014-04-17,508415
2014-04-18,514893
2014-04-19,483916
2014-04-20,429066
2014-04-21,421347
2014-04-22,463407
2014-04-23,501335
2014-04-24,505056
2014-04-25,526282
2014-04-26,540090
2014-04-27,473210
2014-04-28,436246
2014-04-29,483147
2014-04-30,497569
2014-05-01,492691
2014-05-02,516985
2014-05-03,544063
2014-05-04,475789
2014-05-05,461342
2014-05-06,483245
2014-05-07,484552
2014-05-08,508104
2014-05-09,523936
2014-05-10,527537
2014-05-11,454120
2014-05-12,437492
2014-05-13,473044
2014-05-14,466667
2014-05-15,495003
2014-05-16,515834
2014-05-17,506837
2014-05-18,473932
2014-05-19,452923
2014-05-20,472199
2014-05-21,483979
2014-05-22,489262
2014-05-23,495859
2014-05-24,413311
2014-05-25,378073
2014-05-26,336173
2014-05-27,432969
2014-05-28,472420
2014-05-29,489739
2014-05-30,503977
2014-05-31,511991
2014-06-01,435163
2014-06-02,428122
2014-06-03,462670
2014-06-04,482348
2014-06-05,501694
2014-06-06,495184
2014-06-07,504186
2014-06-08,434861
2014-06-09,440162
2014-06-10,463614
2014-06-11,477219
2014-06-12,498857
2014-06-13,496516
2014-06-14,487611
2014-06-15,414418
2014-06-16,423175
2014-06-17,449368
2014-06-18,472667
2014-06-19,487104
2014-06-20,485548
2014-06-21,473409
2014-06-22,430757
2014-06-23,413205
2014-06-24,441878
2014-06-25,468089
2014-06-26,486884
2014-06-27,474158
2014-06-28,472015
2014-06-29,402696
2014-06-30,409501
2014-07-01,443726
2014-07-02,439348
2014-07-03,417460
2014-07-04,309652
2014-07-05,308304
2014-07-06,313544
2014-07-07,378451
2014-07-08,434856
2014-07-09,448579
2014-07-10,456003
2014-07-11,458597
2014-07-12,447090
2014-07-13,410483
2014-07-14,416403
2014-07-15,436616
2014-07-16,449192
2014-07-17,457123
2014-07-18,460247
2014-07-19,445222
2014-07-20,398703
2014-07-21,399110
2014-07-22,447126
2014-07-23,466725
2014-07-24,461698
2014-07-25,461493
2014-07-26,448388
2014-07-27,403948
2014-07-28,368733
2014-07-29,422448
2014-07-30,441490
2014-07-31,453515
2014-08-01,452807
2014-08-02,439647
2014-08-03,397882
2014-08-04,392616
2014-08-05,421680
2014-08-06,438932
2014-08-07,446771
2014-08-08,445752
2014-08-09,420447
2014-08-10,372358
2014-08-11,377890
2014-08-12,413387
2014-08-13,434726
2014-08-14,440059
2014-08-15,444235
2014-08-16,419420
2014-08-17,380431
2014-08-18,376965
2014-08-19,406654
2014-08-20,423151
2014-08-21,442277
2014-08-22,420550
2014-08-23,402814
2014-08-24,364913
2014-08-25,358453
2014-08-26,389823
2014-08-27,416363
2014-08-28,415558
2014-08-29,411447
2014-08-30,377171
2014-08-31,353564
2014-09-01,319683
2014-09-02,409198
2014-09-03,441972
2014-09-04,470638
2014-09-05,498088
2014-09-06,504536
2014-09-07,447927
2014-09-08,431025
2014-09-09,451359
2014-09-10,468000
2014-09-11,480437
2014-09-12,488418
2014-09-13,515091
2014-09-14,452587
2014-09-15,424030
2014-09-16,449711
2014-09-17,453173
2014-09-18,466237
2014-09-19,490824
2014-09-20,494972
2014-09-21,405036
2014-09-22,395724
2014-09-23,403257
2014-09-24,418087
2014-09-25,428628
2014-09-26,451163
2014-09-27,489032
2014-09-28,435865
2014-09-29,401900
2014-09-30,437752
2014-10-01,459709
2014-10-02,469369
2014-10-03,487455
2014-10-04,469591
2014-10-05,418569
2014-10-06,411778
2014-10-07,439647
2014-10-08,459176
2014-10-09,480269
2014-10-10,493057
2014-10-11,512748
2014-10-12,440311
2014-10-13,392283
2014-10-14,434801
2014-10-15,459990
2014-10-16,484536
2014-10-17,495243
2014-10-18,517338
2014-10-19,465503
2014-10-20,419602
2014-10-21,448803
2014-10-22,464805
2014-10-23,474583
2014-10-24,494868
2014-10-25,504006
2014-10-26,444680
2014-10-27,414356
2014-10-28,436920
2014-10-29,456136
2014-10-30,471443
2014-10-31,496199
2014-11-01,565125
2014-11-02,439069
2014-11-03,415298
2014-11-04,427417
2014-11-05,451980
2014-11-06,473203
2014-11-07,490215
2014-11-08,519524
2014-11-09,449188
2014-11-10,410247
2014-11-11,405762
2014-11-12,447530
2014-11-13,467145
2014-11-14,495075
2014-11-15,512205
2014-11-16,446138
2014-11-17,405040
2014-11-18,459756
2014-11-19,462573
2014-11-20,462128
2014-11-21,498583
2014-11-22,519801
2014-11-23,429245
2014-11-24,400671
2014-11-25,411566
2014-11-26,427754
2014-11-27,298067
2014-11-28,349638
2014-11-29,397527
2014-11-30,372521
2014-12-01,400637
2014-12-02,442323
2014-12-03,440553
2014-12-04,460945
2014-12-05,498663
2014-12-06,512606
2014-12-07,464650
2014-12-08,434170
2014-12-09,440054
2014-12-10,450250
2014-12-11,473856
2014-12-12,501246
2014-12-13,505363
2014-12-14,445592
2014-12-15,413647
2014-12-16,443314
2014-12-17,460068
2014-12-18,486233
2014-12-19,513543
2014-12-20,499142
2014-12-21,423858
2014-12-22,384490
2014-12-23,386844
2014-12-24,350822
2014-12-25,212048
2014-12-26,281028
2014-12-27,326736
2014-12-28,327264
2014-12-29,342468
2014-12-30,380955
2014-12-31,408749
2015-01-01,382014
2015-01-02,345299
2015-01-03,406771
2015-01-04,328848
2015-01-05,362927
2015-01-06,383902
2015-01-07,429309
2015-01-08,450601
2015-01-09,447563
2015-01-10,515236
2015-01-11,419436
2015-01-12,396038
2015-01-13,448149
2015-01-14,442184
2015-01-15,450751
2015-01-16,477847
2015-01-17,476571
2015-01-18,426908
2015-01-19,342502
2015-01-20,405190
2015-01-21,431211
2015-01-22,451868
2015-01-23,472146
2015-01-24,460303
2015-01-25,407447
2015-01-26,230049
2015-01-27,135460
2015-01-28,379945
2015-01-29,431647
2015-01-30,483118
2015-01-31,519795
2015-02-01,422943
2015-02-02,336627
2015-02-03,420848
2015-02-04,415249
2015-02-05,459398
2015-02-06,476736
2015-02-07,485251
2015-02-08,410266
2015-02-09,380916
2015-02-10,424216
2015-02-11,446859
2015-02-12,463330
2015-02-13,485898
2015-02-14,501208
2015-02-15,458982
2015-02-16,412495
2015-02-17,393985
2015-02-18,436231
2015-02-19,477303
2015-02-20,498591
2015-02-21,455121
2015-02-22,398963
2015-02-23,431519
2015-02-24,448146
2015-02-25,443927
2015-02-26,471374
2015-02-27,486694
2015-02-28,499318
2015-03-01,385075
2015-03-02,388260
2015-03-03,397382
2015-03-04,435473
2015-03-05,366224
2015-03-06,446537
2015-03-07,504034
2015-03-08,411751
2015-03-09,391702
2015-03-10,413664
2015-03-11,427985
2015-03-12,461339
2015-03-13,476607
2015-03-14,496319
2015-03-15,418671
2015-03-16,374536
2015-03-17,413092
2015-03-18,452660
2015-03-19,451613
2015-03-20,457915
2015-03-21,467883
2015-03-22,428878
2015-03-23,389979
2015-03-24,411739
2015-03-25,426728
2015-03-26,427236
2015-03-27,465199
2015-03-28,510173
2015-03-29,424130
2015-03-30,390638
2015-03-31,429529
2015-04-01,439865
2015-04-02,443987
2015-04-03,443759
2015-04-04,439978
2015-04-05,377318
2015-04-06,375397
2015-04-07,425546
2015-04-08,443134
2015-04-09,460152
2015-04-10,467725
2015-04-11,473564
2015-04-12,407202
2015-04-13,376851
2015-04-14,411603
2015-04-15,426875
2015-04-16,451797
2015-04-17,468981
2015-04-18,500718
2015-04-19,445652
2015-04-20,396990
2015-04-21,425837
2015-04-22,432212
2015-04-23,463219
2015-04-24,473821
2015-04-25,489280
2015-04-26,424420
2015-04-27,393256
2015-04-28,411479
2015-04-29,427268
2015-04-30,445872
2015-05-01,461313
2015-05-02,507378
2015-05-03,434671
2015-05-04,390263
2015-05-05,432452
2015-05-06,444948
2015-05-07,442222
2015-05-08,449020
2015-05-09,469017
2015-05-10,405427
2015-05-11,395280
2015-05-12,424512
2015-05-13,439371
2015-05-14,439936
2015-05-15,457541
2015-05-16,479580
2015-05-17,423198
2015-05-18,403641
2015-05-19,432943
2015-05-20,441232
2015-05-21,446819
2015-05-22,419629
2015-05-23,383363
2015-05-24,336652
2015-05-25,301706
2015-05-26,387134
2015-05-27,415919
2015-05-28,432112
2015-05-29,441299
2015-05-30,451080
2015-05-31,368019
2015-06-01,400833
2015-06-02,419994
2015-06-03,425776
2015-06-04,444543
2015-06-05,451185
2015-06-06,449804
2015-06-07,402188
2015-06-08,391087
2015-06-09,409188
2015-06-10,424356
2015-06-11,439869
2015-06-12,443026
2015-06-13,428004
2015-06-14,382037
2015-06-15,374859
2015-06-16,400518
2015-06-17,425743
2015-06-18,429386
2015-06-19,436303
2015-06-20,413866
2015-06-21,366158
2015-06-22,374849
2015-06-23,406139
2015-06-24,411370
2015-06-25,419739
2015-06-26,425774
2015-06-27,445861
2015-06-28,348433
2015-06-29,359808
2015-06-30,374240
2015-07-01,390084
2015-07-02,365953
2015-07-03,304176
2015-07-04,254353
2015-07-05,275555
2015-07-06,315412
2015-07-07,367439
2015-07-08,393063
2015-07-09,405509
2015-07-10,400901
2015-07-11,407119
2015-07-12,364148
2015-07-13,350022
2015-07-14,385429
2015-07-15,404622
2015-07-16,400033
2015-07-17,364939
2015-07-18,403772
2015-07-19,395363
2015-07-20,374021
2015-07-21,374882
2015-07-22,391934
2015-07-23,403969
2015-07-24,403740
2015-07-25,386976
2015-07-26,349499
2015-07-27,348478
2015-07-28,384038
2015-07-29,405790
2015-07-30,390744
2015-07-31,397703
2015-08-01,389634
2015-08-02,348443
2015-08-03,348518
2015-08-04,376230
2015-08-05,391340
2015-08-06,390661
2015-08-07,386638
2015-08-08,363330
2015-08-09,317502
2015-08-10,320736
2015-08-11,356926
2015-08-12,370058
2015-08-13,380681
2015-08-14,377662
2015-08-15,370212
2015-08-16,335176
2015-08-17,337967
2015-08-18,370368
2015-08-19,380078
2015-08-20,388039
2015-08-21,380782
2015-08-22,357305
2015-08-23,316148
2015-08-24,317316
2015-08-25,346635
2015-08-26,356193
2015-08-27,368124
2015-08-28,366872
2015-08-29,358912
2015-08-30,332473
2015-08-31,322164
2015-09-01,352517
2015-09-02,368087
2015-09-03,377993
2015-09-04,361919
2015-09-05,331527
2015-09-06,300890
2015-09-07,284240
2015-09-08,374593
2015-09-09,396322
2015-09-10,401006
2015-09-11,411438
2015-09-12,433673
2015-09-13,382881
2015-09-14,345621
2015-09-15,377407
2015-09-16,400111
2015-09-17,410640
2015-09-18,427857
2015-09-19,442410
2015-09-20,392843
2015-09-21,358802
2015-09-22,367522
2015-09-23,358351
2015-09-24,324474
2015-09-25,364985
2015-09-26,427188
2015-09-27,378484
2015-09-28,323064
2015-09-29,360228
2015-09-30,381049
2015-10-01,393738
2015-10-02,414055
2015-10-03,412561
2015-10-04,365074
2015-10-05,344478
2015-10-06,373924
2015-10-07,390684
2015-10-08,407269
2015-10-09,402390
2015-10-10,432480
2015-10-11,378149
2015-10-12,328111
2015-10-13,379081
2015-10-14,392444
2015-10-15,407178
2015-10-16,430097
2015-10-17,459047
2015-10-18,400033
2015-10-19,366474
2015-10-20,377453
2015-10-21,389446
2015-10-22,410379
2015-10-23,428377
2015-10-24,436070
2015-10-25,390249
2015-10-26,356649
2015-10-27,381447
2015-10-28,386642
2015-10-29,403360
2015-10-30,428569
2015-10-31,441425
2015-11-01,390000
2015-11-02,348229
2015-11-03,364749
2015-11-04,383808
2015-11-05,401912
2015-11-06,419011
2015-11-07,443772
2015-11-08,392292
2015-11-09,352372
2015-11-10,377758
2015-11-11,371729
2015-11-12,406307
2015-11-13,427428
2015-11-14,446806
2015-11-15,381131
2015-11-16,347246
2015-11-17,384169
2015-11-18,390947
2015-11-19,394276
2015-11-20,422091
2015-11-21,439054
2015-11-22,376475
2015-11-23,365693
2015-11-24,377626
2015-11-25,358414
2015-11-26,242312
2015-11-27,274859
2015-11-28,344397
2015-11-29,333633
2015-11-30,346744
2015-12-01,374109
2015-12-02,379415
2015-12-03,413602
2015-12-04,430693
2015-12-05,450863
2015-12-06,398766
2015-12-07,371380
2015-12-08,381930
2015-12-09,391138
2015-12-10,405819
2015-12-11,427475
2015-12-12,439047
2015-12-13,377003
2015-12-14,370024
2015-12-15,396653
2015-12-16,417353
2015-12-17,418234
2015-12-18,458427
2015-12-19,460796
2015-12-20,385096
2015-12-21,346962
2015-12-22,354903
2015-12-23,339102
2015-12-24,296967
2015-12-25,188210
2015-12-26,238522
2015-12-27,268759
2015-12-28,301089
2015-12-29,311503
2015-12-30,319410
2015-12-31,339746
2016-01-01,345036
2016-01-02,312830
2016-01-03,302878
2016-01-04,316008
2016-01-05,343128
2016-01-06,348384
2016-01-07,364764
2016-01-08,391961
2016-01-09,405767
2016-01-10,351748
2016-01-11,342649
2016-01-12,367390
2016-01-13,395090
2016-01-14,396472
2016-01-15,401289
2016-01-16,411899
2016-01-17,379156
2016-01-18,341481
2016-01-19,385186
2016-01-20,382105
2016-01-21,399653
2016-01-22,420162
2016-01-23,78133
2016-01-24,159766
2016-01-25,281953
2016-01-26,327502
2016-01-27,358986
2016-01-28,383192
2016-01-29,413868
2016-01-30,435231
2016-01-31,361400
2016-02-01,341035
2016-02-02,362900
2016-02-03,371808
2016-02-04,394475
2016-02-05,409211
2016-02-06,428301
2016-02-07,373118
2016-02-08,342880
2016-02-09,367712
2016-02-10,393112
2016-02-11,430922
2016-02-12,434042
2016-02-13,448500
2016-02-14,402370
2016-02-15,350101
2016-02-16,363558
2016-02-17,386687
2016-02-18,410438
2016-02-19,420518
2016-02-20,424630
2016-02-21,372027
2016-02-22,346420
2016-02-23,395521
2016-02-24,399771
2016-02-25,413380
2016-02-26,437497
2016-02-27,440794
2016-02-28,366136
2016-02-29,347548
2016-03-01,372582
2016-03-02,406943
2016-03-03,427836
2016-03-04,433873
2016-03-05,451068
2016-03-06,384985
2016-03-07,348362
2016-03-08,372636
2016-03-09,384276
2016-03-10,406323
2016-03-11,425022
2016-03-12,441937
2016-03-13,366741
2016-03-14,383635
2016-03-15,383015
2016-03-16,397851
2016-03-17,399438
2016-03-18,436509
2016-03-19,442036
2016-03-20,389552
2016-03-21,344081
2016-03-22,366497
2016-03-23,381525
2016-03-24,406739
2016-03-25,399500
2016-03-26,403777
2016-03-27,345466
2016-03-28,344392
2016-03-29,378105
2016-03-30,385286
2016-03-31,393836
2016-04-01,411523
2016-04-02,444767
2016-04-03,392212
2016-04-04,374701
2016-04-05,399543
2016-04-06,400644
2016-04-07,409439
2016-04-08,440190
2016-04-09,456857
2016-04-10,391603
2016-04-11,355244
2016-04-12,389963
2016-04-13,394571
2016-04-14,413895
2016-04-15,433043
2016-04-16,452763
2016-04-17,394684
2016-04-18,355187
2016-04-19,377505
2016-04-20,395339
2016-04-21,390144
2016-04-22,388149
2016-04-23,391672
2016-04-24,357425
2016-04-25,332897
2016-04-26,371140
2016-04-27,374743
2016-04-28,401437
2016-04-29,416299
2016-04-30,420417
2016-05-01,382033
2016-05-02,357271
2016-05-03,400206
2016-05-04,407024
2016-05-05,424108
2016-05-06,436846
2016-05-07,433170
2016-05-08,373216
2016-05-09,348913
2016-05-10,376087
2016-05-11,383331
2016-05-12,399990
2016-05-13,396978
2016-05-14,435365
2016-05-15,408406
2016-05-16,378620
2016-05-17,397492
2016-05-18,381183
2016-05-19,405850
2016-05-20,414540
2016-05-21,435779
2016-05-22,369293
2016-05-23,346799
2016-05-24,371272
2016-05-25,385701
2016-05-26,388432
2016-05-27,364741
2016-05-28,329663
2016-05-29,298102
2016-05-30,261093
2016-05-31,340545
2016-06-01,368507
2016-06-02,392689
2016-06-03,401623
2016-06-04,420418
2016-06-05,353060
2016-06-06,356341
2016-06-07,376176
2016-06-08,381327
2016-06-09,393423
2016-06-10,401213
2016-06-11,387859
2016-06-12,329071
2016-06-13,340840
2016-06-14,363176
2016-06-15,382925
2016-06-16,398570
2016-06-17,388251
2016-06-18,370615
2016-06-19,330252
2016-06-20,335804
2016-06-21,364408
2016-06-22,373321
2016-06-23,389995
2016-06-24,388386
2016-06-25,388909
2016-06-26,331894
2016-06-27,358631
2016-06-28,348616
2016-06-29,357123
2016-06-30,358222
2016-07-01,324990
2016-07-02,266276
2016-07-03,232343
2016-07-04,226837
2016-07-05,293436
2016-07-06,311148
2016-07-07,350404
2016-07-08,347552
2016-07-09,333013
2016-07-10,302693
2016-07-11,306637
2016-07-12,341393
2016-07-13,370677
2016-07-14,374150
2016-07-15,373908
2016-07-16,350449
2016-07-17,325670
2016-07-18,329661
2016-07-19,344310
2016-07-20,357482
2016-07-21,363728
2016-07-22,375854
2016-07-23,355724
2016-07-24,322468
2016-07-25,320976
2016-07-26,350450
2016-07-27,362177
2016-07-28,369819
2016-07-29,360758
2016-07-30,343574
2016-07-31,305523
2016-08-01,308763
2016-08-02,330690
2016-08-03,339751
2016-08-04,353411
2016-08-05,343476
2016-08-06,324402
2016-08-07,291897
2016-08-08,291540
2016-08-09,327187
2016-08-10,345235
2016-08-11,364860
2016-08-12,359868
2016-08-13,338325
2016-08-14,287668
2016-08-15,306100
2016-08-16,333615
2016-08-17,335237
2016-08-18,343959
2016-08-19,338709
2016-08-20,314436
2016-08-21,290441
2016-08-22,283148
2016-08-23,305068
2016-08-24,321490
2016-08-25,332810
2016-08-26,325712
2016-08-27,309307
2016-08-28,286052
2016-08-29,287726
2016-08-30,300429
2016-08-31,320951
2016-09-01,328731
2016-09-02,302022
2016-09-03,270399
2016-09-04,246690
2016-09-05,234286
2016-09-06,320607
2016-09-07,352110
2016-09-08,374100
2016-09-09,383524
2016-09-10,391609
2016-09-11,339972
2016-09-12,306087
2016-09-13,342943
2016-09-14,354721
2016-09-15,365148
2016-09-16,371738
2016-09-17,375619
2016-09-18,332291
2016-09-19,293917
2016-09-20,315049
2016-09-21,325578
2016-09-22,349716
2016-09-23,359645
2016-09-24,378181
2016-09-25,337791
2016-09-26,320999
2016-09-27,342012
2016-09-28,360689
2016-09-29,367890
2016-09-30,371954
2016-10-01,368086
2016-10-02,324835
2016-10-03,288557
2016-10-04,319555
2016-10-05,358090
2016-10-06,370539
2016-10-07,366376
2016-10-08,378088
2016-10-09,333626
2016-10-10,291791
2016-10-11,321694
2016-10-12,320177
2016-10-13,367959
2016-10-14,380513
2016-10-15,381537
2016-10-16,335589
2016-10-17,315861
2016-10-18,339332
2016-10-19,355020
2016-10-20,366184
2016-10-21,376369
2016-10-22,401855
2016-10-23,343516
2016-10-24,326669
2016-10-25,359918
2016-10-26,366660
2016-10-27,363272
2016-10-28,387361
2016-10-29,390484
2016-10-30,344633
2016-10-31,310480
2016-11-01,355424
2016-11-02,346670
2016-11-03,373793
2016-11-04,378670
2016-11-05,392295
2016-11-06,336730
2016-11-07,322666
2016-11-08,318981
2016-11-09,355018
2016-11-10,359630
2016-11-11,365267
2016-11-12,382598
2016-11-13,339631
2016-11-14,319067
2016-11-15,349883
2016-11-16,348325
2016-11-17,359986
2016-11-18,372328
2016-11-19,384371
2016-11-20,337966
2016-11-21,328811
2016-11-22,345462
2016-11-23,325062
2016-11-24,219830
2016-11-25,244016
2016-11-26,297411
2016-11-27,282571
2016-11-28,298385
2016-11-29,323949
2016-11-30,337332
2016-12-01,364949
2016-12-02,390235
2016-12-03,400785
2016-12-04,346550
2016-12-05,333589
2016-12-06,350832
2016-12-07,361705
2016-12-08,377374
2016-12-09,405547
2016-12-10,412173
2016-12-11,341580
2016-12-12,330218
2016-12-13,352855
2016-12-14,375027
2016-12-15,404341
2016-12-16,419164
2016-12-17,390324
2016-12-18,350863
2016-12-19,346870
2016-12-20,356545
2016-12-21,350221
2016-12-22,339864
2016-12-23,315551
2016-12-24,254156
2016-12-25,167841
2016-12-26,205078
2016-12-27,248479
2016-12-28,276044
2016-12-29,290231
2016-12-30,303671
2016-12-31,284035
2017-01-01,281263
2017-01-02,224893
2017-01-03,278099
2017-01-04,289301
2017-01-05,324421
2017-01-06,340685
2017-01-07,305981
2017-01-08,290932
2017-01-09,301996
2017-01-10,305921
2017-01-11,318251
2017-01-12,326816
2017-01-13,344915
2017-01-14,342214
2017-01-15,307477
2017-01-16,260236
2017-01-17,324254
2017-01-18,324382
2017-01-19,332456
2017-01-20,341557
2017-01-21,329093
2017-01-22,292084
2017-01-23,293838
2017-01-24,320990
2017-01-25,325264
2017-01-26,342833
2017-01-27,363952
2017-01-28,368410
2017-01-29,305756
2017-01-30,289127
2017-01-31,313423
2017-02-01,329727
2017-02-02,353202
2017-02-03,374750
2017-02-04,366033
2017-02-05,306876
2017-02-06,290260
2017-02-07,326241
2017-02-08,331937
2017-02-09,203196
2017-02-10,352440
2017-02-11,370910
2017-02-12,326187
2017-02-13,320163
2017-02-14,343985
2017-02-15,347254
2017-02-16,368343
2017-02-17,355340
2017-02-18,326391
2017-02-19,299316
2017-02-20,262119
2017-02-21,295500
2017-02-22,314914
2017-02-23,335093
2017-02-24,350695
2017-02-25,368410
2017-02-26,320351
2017-02-27,305744
2017-02-28,324398
2017-03-01,342114
2017-03-02,372890
2017-03-03,395438
2017-03-04,404095
2017-03-05,326953
2017-03-06,309437
2017-03-07,332351
2017-03-08,342606
2017-03-09,362991
2017-03-10,380879
2017-03-11,401203
2017-03-12,335497
2017-03-13,336446
2017-03-14,100371
2017-03-15,292175
2017-03-16,316944
2017-03-17,319364
2017-03-18,365698
2017-03-19,301011
2017-03-20,285014
2017-03-21,305218
2017-03-22,347405
2017-03-23,345935
2017-03-24,341160
2017-03-25,346831
2017-03-26,303860
2017-03-27,285980
2017-03-28,333163
2017-03-29,331685
2017-03-30,352150
2017-03-31,378577
2017-04-01,355839
2017-04-02,312919
2017-04-03,304117
2017-04-04,336222
2017-04-05,350517
2017-04-06,363514
2017-04-07,383195
2017-04-08,364527
2017-04-09,316977
2017-04-10,286715
2017-04-11,312053
2017-04-12,325556
2017-04-13,341315
2017-04-14,333233
2017-04-15,312855
2017-04-16,281858
2017-04-17,282431
2017-04-18,326856
2017-04-19,351845
2017-04-20,361371
2017-04-21,380134
2017-04-22,352974
2017-04-23,321247
2017-04-24,310502
2017-04-25,344526
2017-04-26,344703
2017-04-27,350200
2017-04-28,359350
2017-04-29,363831
2017-04-30,315753
2017-05-01,303360
2017-05-02,332566
2017-05-03,346022
2017-05-04,355577
2017-05-05,362782
2017-05-06,370499
2017-05-07,318027
2017-05-08,306979
2017-05-09,330479
2017-05-10,340369
2017-05-11,348246
2017-05-12,354092
2017-05-13,371150
2017-05-14,297073
2017-05-15,312444
2017-05-16,337218
2017-05-17,352076
2017-05-18,349188
2017-05-19,364286
2017-05-20,367665
2017-05-21,319407
2017-05-22,307309
2017-05-23,323637
2017-05-24,336578
2017-05-25,342445
2017-05-26,306057
2017-05-27,267405
2017-05-28,241410
2017-05-29,213354
2017-05-30,296638
2017-05-31,327789
2017-06-01,344507
2017-06-02,347404
2017-06-03,341807
2017-06-04,294236
2017-06-05,304042
2017-06-06,341499
2017-06-07,339808
2017-06-08,353452
2017-06-09,342240
2017-06-10,337959
2017-06-11,283088
2017-06-12,311495
2017-06-13,333931
2017-06-14,349305
2017-06-15,347838
2017-06-16,341823
2017-06-17,318478
2017-06-18,277743
2017-06-19,306068
2017-06-20,318727
2017-06-21,331000
2017-06-22,338890
2017-06-23,341160
2017-06-24,317617
2017-06-25,248929
2017-06-26,290740
2017-06-27,321083
2017-06-28,316000
2017-06-29,313277
2017-06-30,302847
2017-07-01,245530
2017-07-02,204086
2017-07-03,193217
2017-07-04,184967
2017-07-05,250623
2017-07-06,276497
2017-07-07,290404
2017-07-08,264365
2017-07-09,243683
2017-07-10,270799
2017-07-11,302257
2017-07-12,320737
2017-07-13,322637
2017-07-14,307834
2017-07-15,277479
2017-07-16,260505
2017-07-17,281214
2017-07-18,307823
2017-07-19,324255
2017-07-20,324259
2017-07-21,311814
2017-07-22,291153
2017-07-23,244083
2017-07-24,274617
2017-07-25,291904
2017-07-26,305520
2017-07-27,315836
2017-07-28,305718
2017-07-29,274531
2017-07-30,254956
2017-07-31,265183
2017-08-01,288945
2017-08-02,306301
2017-08-03,314611
2017-08-04,297206
2017-08-05,263708
2017-08-06,239352
2017-08-07,269842
2017-08-08,279735
2017-08-09,293058
2017-08-10,306138
2017-08-11,287102
2017-08-12,254633
2017-08-13,227861
2017-08-14,241900
2017-08-15,274507
2017-08-16,285120
2017-08-17,291076
2017-08-18,287746
2017-08-19,263458
2017-08-20,240126
2017-08-21,249906
2017-08-22,284356
2017-08-23,285496
2017-08-24,282979
2017-08-25,271449
2017-08-26,249491
2017-08-27,235503
2017-08-28,231141
2017-08-29,278267
2017-08-30,267900
2017-08-31,273284
2017-09-01,260126
2017-09-02,243715
2017-09-03,204537
2017-09-04,203364
2017-09-05,276679
2017-09-06,318657
2017-09-07,327987
2017-09-08,336097
2017-09-09,320676
2017-09-10,289574
2017-09-11,292749
2017-09-12,320614
2017-09-13,325703
2017-09-14,339032
2017-09-15,334136
2017-09-16,331845
2017-09-17,287996
2017-09-18,263989
2017-09-19,279244
2017-09-20,287126
2017-09-21,285782
2017-09-22,307683
2017-09-23,325031
2017-09-24,281595
2017-09-25,289124
2017-09-26,299938
2017-09-27,329555
2017-09-28,330666
2017-09-29,329112
2017-09-30,323204
2017-10-01,273236
2017-10-02,274707
2017-10-03,302366
2017-10-04,314734
2017-10-05,335387
2017-10-06,331472
2017-10-07,324101
2017-10-08,281170
2017-10-09,258583
2017-10-10,312575
2017-10-11,322308
2017-10-12,344446
2017-10-13,336925
2017-10-14,336656
2017-10-15,293954
2017-10-16,307797
2017-10-17,319689
2017-10-18,327167
2017-10-19,330802
2017-10-20,338354
2017-10-21,334884
2017-10-22,287876
2017-10-23,290759
2017-10-24,312489
2017-10-25,330118
2017-10-26,345959
2017-10-27,349815
2017-10-28,350625
2017-10-29,307496
2017-10-30,297796
2017-10-31,294351
2017-11-01,330601
2017-11-02,333336
2017-11-03,347466
2017-11-04,355150
2017-11-05,295337
2017-11-06,298503
2017-11-07,323375
2017-11-08,329592
2017-11-09,340247
2017-11-10,363219
2017-11-11,329258
2017-11-12,298008
2017-11-13,301614
2017-11-14,320738
2017-11-15,332306
2017-11-16,345572
2017-11-17,353557
2017-11-18,345346
2017-11-19,297908
2017-11-20,295538
2017-11-21,303274
2017-11-22,295794
2017-11-23,192449
2017-11-24,216356
2017-11-25,258237
2017-11-26,251377
2017-11-27,277655
2017-11-28,302342
2017-11-29,311303
2017-11-30,339319
2017-12-01,353837
2017-12-02,349820
2017-12-03,300504
2017-12-04,300092
2017-12-05,330567
2017-12-06,346348
2017-12-07,354196
2017-12-08,362237
2017-12-09,359572
2017-12-10,302889
2017-12-11,310541
2017-12-12,329481
2017-12-13,357298
2017-12-14,351742
2017-12-15,362595
2017-12-16,364503
2017-12-17,313238
2017-12-18,302388
2017-12-19,324617
2017-12-20,344511
2017-12-21,343586
2017-12-22,312431
2017-12-23,259519
2017-12-24,208989
2017-12-25,149472
2017-12-26,220366
2017-12-27,253306
2017-12-28,275451
2017-12-29,275186
2017-12-30,244422
2017-12-31,244571
2018-01-01,237157
2018-01-02,238181
2018-01-03,267006
2018-01-04,122223
2018-01-05,265260
2018-01-06,281285
2018-01-07,237413
2018-01-08,259823
2018-01-09,284690
2018-01-10,290385
2018-01-11,305009
2018-01-12,317675
2018-01-13,321904
2018-01-14,291000
2018-01-15,246915
2018-01-16,295753
2018-01-17,305052
2018-01-18,330752
2018-01-19,325654
2018-01-20,294558
2018-01-21,252252
2018-01-22,261690
2018-01-23,287589
2018-01-24,315628
2018-01-25,331945
2018-01-26,335415
2018-01-27,310032
2018-01-28,259855
2018-01-29,266655
2018-01-30,302870
2018-01-31,319275
2018-02-01,321136
2018-02-02,349399
2018-02-03,316625
2018-02-04,265846
2018-02-05,286214
2018-02-06,303058
2018-02-07,315764
2018-02-08,338986
2018-02-09,337424
2018-02-10,322042
2018-02-11,261641
2018-02-12,287958
2018-02-13,317976
2018-02-14,321685
2018-02-15,322954
2018-02-16,322085
2018-02-17,305456
2018-02-18,253440
2018-02-19,241901
2018-02-20,268442
2018-02-21,297551
2018-02-22,328910
2018-02-23,328823
2018-02-24,312982
2018-02-25,269616
2018-02-26,278654
2018-02-27,301676
2018-02-28,314954
2018-03-01,332863
2018-03-02,326980
2018-03-03,316863
2018-03-04,286405
2018-03-05,290661
2018-03-06,315757
2018-03-07,233281
2018-03-08,326673
2018-03-09,348471
2018-03-10,342113
2018-03-11,278500
2018-03-12,293877
2018-03-13,306599
2018-03-14,336151
2018-03-15,348239
2018-03-16,349875
2018-03-17,325142
2018-03-18,278813
2018-03-19,271647
2018-03-20,313040
2018-03-21,183665
2018-03-22,300719
2018-03-23,325884
2018-03-24,310660
2018-03-25,275777
2018-03-26,280115
2018-03-27,298705
2018-03-28,314085
2018-03-29,325632
2018-03-30,307588
2018-03-31,285579
2018-04-01,244474
2018-04-02,258963
2018-04-03,305586
2018-04-04,310960
2018-04-05,332229
2018-04-06,326468
2018-04-07,321251
2018-04-08,279695
2018-04-09,285057
2018-04-10,308128
2018-04-11,320857
2018-04-12,327117
2018-04-13,333113
2018-04-14,347362
2018-04-15,300262
2018-04-16,281221
2018-04-17,321880
2018-04-18,321000
2018-04-19,348993
2018-04-20,347032
2018-04-21,319196
2018-04-22,277642
2018-04-23,285489
2018-04-24,309598
2018-04-25,325657
2018-04-26,331192
2018-04-27,332734
2018-04-28,324849
2018-04-29,281431
2018-04-30,296551
2018-05-01,305453
2018-05-02,321954
2018-05-03,334845
2018-05-04,333140
2018-05-05,333787
2018-05-06,280051
2018-05-07,284391
2018-05-08,309759
2018-05-09,316873
2018-05-10,328322
2018-05-11,324696
2018-05-12,321315
2018-05-13,281218
2018-05-14,294066
2018-05-15,309048
2018-05-16,320036
2018-05-17,327534
2018-05-18,331961
2018-05-19,317812
2018-05-20,267290
2018-05-21,278744
2018-05-22,297556
2018-05-23,300122
2018-05-24,305107
2018-05-25,279821
2018-05-26,236372
2018-05-27,203519
2018-05-28,187579
2018-05-29,275476
2018-05-30,301181
2018-05-31,315788
2018-06-01,320609
2018-06-02,308415
2018-06-03,265265
2018-06-04,279373
2018-06-05,298155
2018-06-06,315373
2018-06-07,319350
2018-06-08,315689
2018-06-09,293953
2018-06-10,249752
2018-06-11,278533
2018-06-12,295418
2018-06-13,312685
2018-06-14,316212
2018-06-15,281910
2018-06-16,275874
2018-06-17,247858
2018-06-18,281512
2018-06-19,298562
2018-06-20,307908
2018-06-21,309109
2018-06-22,311399
2018-06-23,273701
2018-06-24,243802
2018-06-25,267896
2018-06-26,287232
2018-06-27,297957
2018-06-28,302836
2018-06-29,285456
2018-06-30,272432
2018-07-01,235579
2018-07-02,242091
2018-07-03,246437
2018-07-04,176671
2018-07-05,217015
2018-07-06,218552
2018-07-07,208065
2018-07-08,199606
2018-07-09,242801
2018-07-10,276365
2018-07-11,287492
2018-07-12,287902
2018-07-13,277265
2018-07-14,259475
2018-07-15,227966
2018-07-16,267695
2018-07-17,278153
2018-07-18,290555
2018-07-19,277272
2018-07-20,271335
2018-07-21,259481
2018-07-22,217417
2018-07-23,252078
2018-07-24,279717
2018-07-25,286553
2018-07-26,290147
2018-07-27,281075
2018-07-28,251963
2018-07-29,230373
2018-07-30,245411
2018-07-31,268319
2018-08-01,287159
2018-08-02,286365
2018-08-03,268588
2018-08-04,244360
2018-08-05,227469
2018-08-06,253062
2018-08-07,282550
2018-08-08,290233
2018-08-09,287146
2018-08-10,273354
2018-08-11,232130
2018-08-12,211388
2018-08-13,240695
2018-08-14,261935
2018-08-15,276668
2018-08-16,277919
2018-08-17,273192
2018-08-18,233271
2018-08-19,204985
2018-08-20,224406
2018-08-21,240044
2018-08-22,260065
2018-08-23,263016
2018-08-24,251643
2018-08-25,230209
2018-08-26,211970
2018-08-27,227141
2018-08-28,260565
2018-08-29,269461
2018-08-30,261562
2018-08-31,242374
2018-09-01,208401
2018-09-02,191478
2018-09-03,189547
2018-09-04,267005
2018-09-05,292590
2018-09-06,302302
2018-09-07,294400
2018-09-08,280410
2018-09-09,257122
2018-09-10,252838
2018-09-11,266087
2018-09-12,291896
2018-09-13,301390
2018-09-14,302158
2018-09-15,287456
2018-09-16,257518
2018-09-17,267940
2018-09-18,269141
2018-09-19,268931
2018-09-20,299034
2018-09-21,298240
2018-09-22,285043
2018-09-23,243501
2018-09-24,235629
2018-09-25,251897
2018-09-26,265071
2018-09-27,281504
2018-09-28,294983
2018-09-29,290245
2018-09-30,255116
2018-10-01,256755
2018-10-02,281994
2018-10-03,298036
2018-10-04,306667
2018-10-05,294137
2018-10-06,285599
2018-10-07,246884
2018-10-08,233302
2018-10-09,281804
2018-10-10,296128
2018-10-11,292640
2018-10-12,304412
2018-10-13,298433
2018-10-14,255596
2018-10-15,263616
2018-10-16,294883
2018-10-17,301353
2018-10-18,314329
2018-10-19,305106
2018-10-20,293225
2018-10-21,272140
2018-10-22,269501
2018-10-23,283626
2018-10-24,295682
2018-10-25,311671
2018-10-26,311672
2018-10-27,303109
2018-10-28,262878
2018-10-29,264221
2018-10-30,281284
2018-10-31,273860
2018-11-01,313523
2018-11-02,306973
2018-11-03,298315
2018-11-04,254731
2018-11-05,271683
2018-11-06,277709
2018-11-07,291020
2018-11-08,301014
2018-11-09,298104
2018-11-10,311644
2018-11-11,258032
2018-11-12,260731
2018-11-13,287061
2018-11-14,300265
2018-11-15,232177
2018-11-16,301070
2018-11-17,305544
2018-11-18,256561
2018-11-19,256673
2018-11-20,279444
2018-11-21,260895
2018-11-22,174787
2018-11-23,196119
2018-11-24,227602
2018-11-25,206739
2018-11-26,256044
2018-11-27,280870
2018-11-28,284025
2018-11-29,299340
2018-11-30,307313
2018-12-01,309698
2018-12-02,262798
2018-12-03,268243
2018-12-04,291812
2018-12-05,299943
2018-12-06,307989
2018-12-07,320207
2018-12-08,308242
2018-12-09,262580
2018-12-10,276127
2018-12-11,287658
2018-12-12,302852
2018-12-13,309284
2018-12-14,320738
2018-12-15,306061
2018-12-16,278751
2018-12-17,275339
2018-12-18,303630
2018-12-19,306072
2018-12-20,307059
2018-12-21,291305
2018-12-22,251198
2018-12-23,197752
2018-12-24,186528
2018-12-25,125787
2018-12-26,185003
2018-12-27,213354
2018-12-28,217949
2018-12-29,216073
2018-12-30,194676
2018-12-31,210183
2019-01-01,189432
2019-01-02,198737
2019-01-03,223965
2019-01-04,236089
2019-01-05,236506
2019-01-06,208823
2019-01-07,228816
2019-01-08,237310
2019-01-09,255868
2019-01-10,281863
2019-01-11,291714
2019-01-12,265115
2019-01-13,227502
2019-01-14,245082
2019-01-15,267370
2019-01-16,272699
2019-01-17,284580
2019-01-18,266848
2019-01-19,236365
2019-01-20,203115
2019-01-21,192826
2019-01-22,255178
2019-01-23,261151
2019-01-24,281959
2019-01-25,292499
2019-01-26,271993
2019-01-27,220451
2019-01-28,241043
2019-01-29,259786
2019-01-30,276775
2019-01-31,284930
2019-02-01,299261
2019-02-02,267303
2019-02-03,221420
2019-02-04,233786
2019-02-05,253675
2019-02-06,278326
2019-02-07,276277
2019-02-08,289576
2019-02-09,277153
2019-02-10,221805
2019-02-11,236660
2019-02-12,238094
2019-02-13,268811
2019-02-14,272187
2019-02-15,257431
2019-02-16,240557
2019-02-17,212622
2019-02-18,193460
2019-02-19,235889
2019-02-20,241876
2019-02-21,253500
2019-02-22,264527
2019-02-23,253544
2019-02-24,208959
2019-02-25,235336
2019-02-26,263782
2019-02-27,271820
2019-02-28,281541
2019-03-01,282465
2019-03-02,252181
2019-03-03,222464
2019-03-04,208763
2019-03-05,269066
2019-03-06,286297
2019-03-07,292405
2019-03-08,285949
2019-03-09,271788
2019-03-10,229014
2019-03-11,236525
2019-03-12,268108
2019-03-13,271749
2019-03-14,280567
2019-03-15,285663
2019-03-16,270552
2019-03-17,225803
2019-03-18,223154
2019-03-19,239393
2019-03-20,251355
2019-03-21,275231
2019-03-22,272647
2019-03-23,255369
2019-03-24,209993
2019-03-25,213066
2019-03-26,241295
2019-03-27,252027
2019-03-28,261559
2019-03-29,257890
2019-03-30,250543
2019-03-31,223519
2019-04-01,234434
2019-04-02,258819
2019-04-03,265136
2019-04-04,278632
2019-04-05,293969
2019-04-06,261613
2019-04-07,224140
2019-04-08,230319
2019-04-09,261946
2019-04-10,262869
2019-04-11,275978
2019-04-12,281310
2019-04-13,263597
2019-04-14,225151
2019-04-15,248457
2019-04-16,255831
2019-04-17,267212
2019-04-18,269104
2019-04-19,243751
2019-04-20,212394
2019-04-21,186538
2019-04-22,213417
2019-04-23,236599
2019-04-24,243910
2019-04-25,268203
2019-04-26,253058
2019-04-27,252071
2019-04-28,222082
2019-04-29,230006
2019-04-30,255413
2019-05-01,270923
2019-05-02,279103
2019-05-03,277104
2019-05-04,266758
2019-05-05,237879
2019-05-06,228957
2019-05-07,252006
2019-05-08,258320
2019-05-09,272008
2019-05-10,266698
2019-05-11,253327
2019-05-12,226198
2019-05-13,243102
2019-05-14,261385
2019-05-15,258299
2019-05-16,263598
2019-05-17,272192
2019-05-18,256885
2019-05-19,222900
2019-05-20,239063
2019-05-21,255250
2019-05-22,262087
2019-05-23,258871
2019-05-24,228359
2019-05-25,185731
2019-05-26,165205
2019-05-27,146701
2019-05-28,225475
2019-05-29,246104
2019-05-30,258312
2019-05-31,259743
2019-06-01,245687
2019-06-02,210084
2019-06-03,228699
2019-06-04,228801
2019-06-05,254112
2019-06-06,262701
2019-06-07,251328
2019-06-08,230476
2019-06-09,191205
2019-06-10,222132
2019-06-11,240949
2019-06-12,253263
2019-06-13,263734
2019-06-14,243679
2019-06-15,222174
2019-06-16,188934
2019-06-17,216482
2019-06-18,243375
2019-06-19,247813
2019-06-20,256217
2019-06-21,249831
2019-06-22,221976
2019-06-23,201308
2019-06-24,219626
2019-06-25,242723
2019-06-26,250875
2019-06-27,254927
2019-06-28,243193
2019-06-29,217029
2019-06-30,167833
2019-07-01,193570
2019-07-02,199033
2019-07-03,180584
2019-07-04,123988
2019-07-05,142591
2019-07-06,153204
2019-07-07,153038
2019-07-08,190059
2019-07-09,216885
2019-07-10,234399
2019-07-11,239812
2019-07-12,218212
2019-07-13,212459
2019-07-14,177636
2019-07-15,200576
2019-07-16,230367
2019-07-17,248650
2019-07-18,237392
2019-07-19,240829
2019-07-20,199029
2019-07-21,179183
2019-07-22,214325
2019-07-23,223183
2019-07-24,231126
2019-07-25,237004
2019-07-26,217086
2019-07-27,194629
2019-07-28,176180
2019-07-29,198030
2019-07-30,222568
2019-07-31,224657
2019-08-01,233440
2019-08-02,214845
2019-08-03,191979
2019-08-04,171462
2019-08-05,188658
2019-08-06,215975
2019-08-07,219463
2019-08-08,227620
2019-08-09,209434
2019-08-10,184046
2019-08-11,159211
2019-08-12,187312
2019-08-13,206341
2019-08-14,213105
2019-08-15,216394
2019-08-16,201081
2019-08-17,186367
2019-08-18,170012
2019-08-19,184378
2019-08-20,201472
2019-08-21,212750
2019-08-22,222657
2019-08-23,196726
2019-08-24,180635
2019-08-25,163399
2019-08-26,171446
2019-08-27,189623
2019-08-28,203276
2019-08-29,197960
2019-08-30,189234
2019-08-31,162739
2019-09-01,148578
2019-09-02,135746
2019-09-03,198639
2019-09-04,225078
2019-09-05,240784
2019-09-06,239040
2019-09-07,214843
2019-09-08,193056
2019-09-09,213051
2019-09-10,235615
2019-09-11,242990
2019-09-12,260131
2019-09-13,245308
2019-09-14,229827
2019-09-15,203398
2019-09-16,218791
2019-09-17,234317
2019-09-18,242010
2019-09-19,250932
2019-09-20,243902
2019-09-21,233784
2019-09-22,205025
2019-09-23,195978
2019-09-24,211286
2019-09-25,217366
2019-09-26,238113
2019-09-27,237266
2019-09-28,232597
2019-09-29,198871
2019-09-30,181279
2019-10-01,210447
2019-10-02,243310
2019-10-03,256964
2019-10-04,253322
2019-10-05,235054
2019-10-06,195668
2019-10-07,220894
2019-10-08,225487
2019-10-09,228017
2019-10-10,248382
2019-10-11,249104
2019-10-12,228033
2019-10-13,197598
2019-10-14,182745
2019-10-15,236907
2019-10-16,239864
2019-10-17,256765
2019-10-18,260467
2019-10-19,240158
2019-10-20,213850
2019-10-21,212045
2019-10-22,239434
2019-10-23,244172
2019-10-24,254486
2019-10-25,252679
2019-10-26,244085
2019-10-27,207480
2019-10-28,215649
2019-10-29,237968
2019-10-30,241418
2019-10-31,241646
2019-11-01,276084
2019-11-02,249627
2019-11-03,211209
2019-11-04,218546
2019-11-05,229329
2019-11-06,244741
2019-11-07,258230
2019-11-08,269410
2019-11-09,244859
2019-11-10,204011
2019-11-11,187090
2019-11-12,242000
2019-11-13,252012
2019-11-14,260975
2019-11-15,257853
2019-11-16,258001
2019-11-17,209361
2019-11-18,228519
2019-11-19,235073
2019-11-20,249613
2019-11-21,261120
2019-11-22,247480
2019-11-23,240274
2019-11-24,205067
2019-11-25,211096
2019-11-26,224686
2019-11-27,208606
2019-11-28,138465
2019-11-29,164432
2019-11-30,190041
2019-12-01,182604
2019-12-02,208526
2019-12-03,249198
2019-12-04,250793
2019-12-05,272267
2019-12-06,274922
2019-12-07,267701
2019-12-08,222443
2019-12-09,225458
2019-12-10,246751
2019-12-11,267863
2019-12-12,278491
2019-12-13,278132
2019-12-14,263936
2019-12-15,233950
2019-12-16,236418
2019-12-17,256629
2019-12-18,267250
2019-12-19,286932
2019-12-20,274896
2019-12-21,227263
2019-12-22,179055
2019-12-23,180871
2019-12-24,164422
2019-12-25,101917
2019-12-26,146956
2019-12-27,169618
2019-12-28,172030
2019-12-29,165128
2019-12-30,174564
2019-12-31,169197
2020-01-01,169437
2020-01-02,162141
2020-01-03,183477
2020-01-04,182752
2020-01-05,164399
2020-01-06,179515
2020-01-07,201520
2020-01-08,217100
2020-01-09,231684
2020-01-10,228201
2020-01-11,217503
2020-01-12,186745
2020-01-13,209210
2020-01-14,217722
2020-01-15,217496
2020-01-16,239657
2020-01-17,243682
2020-01-18,190158
2020-01-19,175831
2020-01-20,161956
2020-01-21,213823
2020-01-22,221897
2020-01-23,232096
2020-01-24,233291
2020-01-25,223220
2020-01-26,188185
2020-01-27,189791
2020-01-28,215831
2020-01-29,227430
2020-01-30,243016
2020-01-31,236330
2020-02-01,211632
2020-02-02,193744
2020-02-03,194478
2020-02-04,216049
2020-02-05,231685
2020-02-06,242757
2020-02-07,252410
2020-02-08,219589
2020-02-09,182474
2020-02-10,211573
2020-02-11,220135
2020-02-12,236428
2020-02-13,246516
2020-02-14,258277
2020-02-15,202201
2020-02-16,165867
2020-02-17,148845
2020-02-18,190383
2020-02-19,216938
2020-02-20,237931
2020-02-21,237185
2020-02-22,209729
2020-02-23,179708
2020-02-24,197782
2020-02-25,226546
2020-02-26,231329
2020-02-27,255937
2020-02-28,250820
2020-02-29,230538
2020-03-01,179779
2020-03-02,193514
2020-03-03,222917
2020-03-04,229735
2020-03-05,244451
2020-03-06,243741
2020-03-07,208200
2020-03-08,165803
2020-03-09,175602
2020-03-10,184118
2020-03-11,182663
2020-03-12,171096
2020-03-13,134723
2020-03-14,89672
2020-03-15,59894
2020-03-16,64227
2020-03-17,45639
2020-03-18,36268
2020-03-19,29813
2020-03-20,27644
2020-03-21,16179
2020-03-22,10341
2020-03-23,13580
2020-03-24,11858
2020-03-25,11213
2020-03-26,10672
2020-03-27,11785
2020-03-28,7635
2020-03-29,5541
2020-03-30,9586
2020-03-31,9447
2020-04-01,9470
2020-04-02,8798
2020-04-03,10311
2020-04-04,6404
2020-04-05,5054
2020-04-06,8279
2020-04-07,7895
2020-04-08,7917
2020-04-09,7830
2020-04-10,8590
2020-04-11,6271
2020-04-12,4432
2020-04-13,7471
2020-04-14,8331
2020-04-15,8303
2020-04-16,8496
2020-04-17,9676
2020-04-18,5809
2020-04-19,5122
2020-04-20,8134
2020-04-21,8086
2020-04-22,8626
2020-04-23,8721
2020-04-24,9395
2020-04-25,7219
2020-04-26,4993
2020-04-27,8904
2020-04-28,9458
2020-04-29,9684
2020-04-30,10284
2020-05-01,11894
2020-05-02,8450
2020-05-03,6417
2020-05-04,10801
2020-05-05,11206
2020-05-06,11960
2020-05-07,12066
2020-05-08,13138
2020-05-09,8610
2020-05-10,7606
2020-05-11,11885
2020-05-12,12190
2020-05-13,13019
2020-05-14,13210
2020-05-15,14591
2020-05-16,10276
2020-05-17,7403
2020-05-18,12073
2020-05-19,12224
2020-05-20,12677
2020-05-21,12807
2020-05-22,13993
2020-05-23,8009
2020-05-24,7984
2020-05-25,7664
2020-05-26,13078
2020-05-27,14262
2020-05-28,13586
2020-05-29,15176
2020-05-30,11331
2020-05-31,8826
2020-06-01,14670
2020-06-02,14958
2020-06-03,14990
2020-06-04,15836
2020-06-05,16501
2020-06-06,12131
2020-06-07,9908
2020-06-08,16974
2020-06-09,17721
2020-06-10,18018
2020-06-11,17823
2020-06-12,20108
2020-06-13,14080
2020-06-14,10893
2020-06-15,18284
2020-06-16,19667
2020-06-17,19975
2020-06-18,20301
2020-06-19,22291
2020-06-20,14803
2020-06-21,12830
2020-06-22,23092
2020-06-23,24666
2020-06-24,24945
2020-06-25,25704
2020-06-26,26228
2020-06-27,17215
2020-06-28,15201
2020-06-29,24843
2020-06-30,25153
2020-07-01,25523
2020-07-02,27359
2020-07-03,20377
2020-07-04,14476
2020-07-05,14450
2020-07-06,24504
2020-07-07,26050
2020-07-08,27038
2020-07-09,28953
2020-07-10,24093
2020-07-11,18583
2020-07-12,17086
2020-07-13,25869
2020-07-14,28472
2020-07-15,29303
2020-07-16,29279
2020-07-17,27890
2020-07-18,21798
2020-07-19,17010
2020-07-20,27104
2020-07-21,29470
2020-07-22,31478
2020-07-23,30117
2020-07-24,29194
2020-07-25,24142
2020-07-26,17541
2020-07-27,28731
2020-07-28,31953
2020-07-29,34146
2020-07-30,33873
2020-07-31,34554
2020-08-01,27646
2020-08-02,19455
2020-08-03,32429
2020-08-04,26186
2020-08-05,35980
2020-08-06,36491
2020-08-07,35530
2020-08-08,26838
2020-08-09,21514
2020-08-10,32457
2020-08-11,35234
2020-08-12,36876
2020-08-13,35772
2020-08-14,36994
2020-08-15,29442
2020-08-16,19068
2020-08-17,32680
2020-08-18,36726
2020-08-19,36612
2020-08-20,38725
2020-08-21,38423
2020-08-22,30751
2020-08-23,23241
2020-08-24,34475
2020-08-25,38696
2020-08-26,39507
2020-08-27,38536
2020-08-28,39866
2020-08-29,28033
2020-08-30,27078
2020-08-31,36019
2020-09-01,39688
2020-09-02,41529
2020-09-03,43060
2020-09-04,41981
2020-09-05,30987
2020-09-06,25360
2020-09-07,25354
2020-09-08,43457
2020-09-09,47655
2020-09-10,48295
2020-09-11,50521
2020-09-12,41372
2020-09-13,29470
2020-09-14,44628
2020-09-15,49742
2020-09-16,51389
2020-09-17,53075
2020-09-18,54215
2020-09-19,43830
2020-09-20,33836
2020-09-21,46215
2020-09-22,51190
2020-09-23,54777
2020-09-24,56284
2020-09-25,58829
2020-09-26,47145
2020-09-27,35557
2020-09-28,41203
2020-09-29,54054
2020-09-30,56196
2020-10-01,60607
2020-10-02,59094
2020-10-03,49261
2020-10-04,34494
2020-10-05,47744
2020-10-06,54181
2020-10-07,57153
2020-10-08,59721
2020-10-09,58173
2020-10-10,48185
2020-10-11,34442
2020-10-12,42638
2020-10-13,54557
2020-10-14,59294
2020-10-15,62948
2020-10-16,58372
2020-10-17,52077
2020-10-18,38795
2020-10-19,51191
2020-10-20,57412
2020-10-21,59138
2020-10-22,62159
2020-10-23,61789
2020-10-24,53349
2020-10-25,39439
2020-10-26,53401
2020-10-27,59660
2020-10-28,62978
2020-10-29,64845
2020-10-30,66249
2020-10-31,57920
2020-11-01,42860
2020-11-02,55257
2020-11-03,49758
2020-11-04,49178
2020-11-05,57466
2020-11-06,60808
2020-11-07,55121
2020-11-08,41848
2020-11-09,51950
2020-11-10,62154
2020-11-11,58527
2020-11-12,62237
2020-11-13,63099
2020-11-14,52007
2020-11-15,34895
2020-11-16,52148
2020-11-17,59506
2020-11-18,62063
2020-11-19,61125
2020-11-20,61903
2020-11-21,48758
2020-11-22,32720
2020-11-23,52550
2020-11-24,56335
2020-11-25,51859
2020-11-26,24923
2020-11-27,34264
2020-11-28,35806
2020-11-29,31811
2020-11-30,45976
2020-12-01,54850
2020-12-02,55903
2020-12-03,56776
2020-12-04,57390
2020-12-05,42775
2020-12-06,37198
2020-12-07,50675
2020-12-08,56720
2020-12-09,57622
2020-12-10,59288
2020-12-11,61194
2020-12-12,46618
2020-12-13,38726
2020-12-14,51467
2020-12-15,60886
2020-12-16,50672
2020-12-17,26421
2020-12-18,59318
2020-12-19,44091
2020-12-20,31681
2020-12-21,51526
2020-12-22,56169
2020-12-23,56755
2020-12-24,44483
2020-12-25,19112
2020-12-26,28407
2020-12-27,25892
2020-12-28,40985
2020-12-29,45866
2020-12-30,47650
2020-12-31,44795
2021-01-01,24827
2021-01-02,34309
2021-01-03,26345
2021-01-04,44545
2021-01-05,46880
2021-01-06,49547
2021-01-07,50290
2021-01-08,50477
2021-01-09,39911
2021-01-10,29855
2021-01-11,46849
2021-01-12,50133
2021-01-13,51306
2021-01-14,53051
2021-01-15,53024
2021-01-16,38723
2021-01-17,31985
2021-01-18,37092
2021-01-19,51149
2021-01-20,49437
2021-01-21,53280
2021-01-22,54285
2021-01-23,42054
2021-01-24,31033
2021-01-25,47423
2021-01-26,47818
2021-01-27,52655
2021-01-28,56444
2021-01-29,54602
2021-01-30,39233
2021-01-31,31191
2021-02-01,6806
2021-02-02,29178
2021-02-03,55440
2021-02-04,59326
2021-02-05,57770
2021-02-06,49987
2021-02-07,27488
2021-02-08,51729
2021-02-09,52733
2021-02-10,57855
2021-02-11,58625
2021-02-12,63611
2021-02-13,48355
2021-02-14,39672
2021-02-15,40322
2021-02-16,51211
2021-02-17,60166
2021-02-18,38121
2021-02-19,53029
2021-02-20,51340
2021-02-21,37119
2021-02-22,50700
2021-02-23,57160
2021-02-24,59969
2021-02-25,61984
2021-02-26,65394
2021-02-27,48980
2021-02-28,37619
2021-03-01,54838
2021-03-02,61843
2021-03-03,63297
2021-03-04,67141
2021-03-05,69582
2021-03-06,55004
2021-03-07,38947
2021-03-08,56282
2021-03-09,62056
2021-03-10,64635
2021-03-11,68222
2021-03-12,71716
2021-03-13,60870
2021-03-14,43964
2021-03-15,61407
2021-03-16,65479
2021-03-17,71510
2021-03-18,71539
2021-03-19,74427
2021-03-20,61538
2021-03-21,45124
2021-03-22,59959
2021-03-23,63548
2021-03-24,68659
2021-03-25,69841
2021-03-26,73535
2021-03-27,67392
2021-03-28,40404
2021-03-29,58127
2021-03-30,66702
2021-03-31,67542
2021-04-01,72434
2021-04-02,72350
2021-04-03,61847
2021-04-04,46310
2021-04-05,62955
2021-04-06,70472
2021-04-07,74661
2021-04-08,77611
2021-04-09,78827
2021-04-10,68688
2021-04-11,47584
2021-04-12,70272
2021-04-13,74244
2021-04-14,77299
2021-04-15,80429
2021-04-16,82456
2021-04-17,74101
2021-04-18,54143
2021-04-19,67688
2021-04-20,78724
2021-04-21,79367
2021-04-22,84344
2021-04-23,84623
2021-04-24,78858
2021-04-25,49330
2021-04-26,70215
2021-04-27,76481
2021-04-28,83551
2021-04-29,82210
2021-04-30,89141
2021-05-01,80717
2021-05-02,60957
2021-05-03,75261
2021-05-04,80894
2021-05-05,87029
2021-05-06,88472
2021-05-07,92383
2021-05-08,80021
2021-05-09,64461
2021-05-10,74390
2021-05-11,83498
2021-05-12,86867
2021-05-13,82527
2021-05-14,92518
2021-05-15,88865
2021-05-16,66387
2021-05-17,74097
2021-05-18,84772
2021-05-19,90733
2021-05-20,92693
2021-05-21,94927
2021-05-22,93359
2021-05-23,71494
2021-05-24,81403
2021-05-25,88685
2021-05-26,93364
2021-05-27,92466
2021-05-28,87929
2021-05-29,64946
2021-05-30,54240
2021-05-31,56720
2021-06-01,86021
2021-06-02,92571
2021-06-03,96504
2021-06-04,95589
2021-06-05,97983
2021-06-06,77634
2021-06-07,88869
2021-06-08,94675
2021-06-09,99484
2021-06-10,103981
2021-06-11,98321
2021-06-12,93963
2021-06-13,73784
2021-06-14,86939
2021-06-15,98038
2021-06-16,102175
2021-06-17,102964
2021-06-18,98994
2021-06-19,96406
2021-06-20,77945
2021-06-21,90870
2021-06-22,99019
2021-06-23,102895
2021-06-24,104639
2021-06-25,103294
2021-06-26,98690
2021-06-27,77379
2021-06-28,91543
2021-06-29,101112
2021-06-30,101885
2021-07-01,93820
2021-07-02,87543
2021-07-03,71120
2021-07-04,60543
2021-07-05,64728
2021-07-06,89456
2021-07-07,97200
2021-07-08,94578
2021-07-09,93585
2021-07-10,93833
2021-07-11,75946
2021-07-12,84894
2021-07-13,96611
2021-07-14,104639
2021-07-15,106008
2021-07-16,102924
2021-07-17,95242
2021-07-18,77384
2021-07-19,88975
2021-07-20,92433
2021-07-21,98271
2021-07-22,103940
2021-07-23,99049
2021-07-24,93266
2021-07-25,75580
2021-07-26,89132
2021-07-27,99360
2021-07-28,99702
2021-07-29,99760
2021-07-30,99162
2021-07-31,93384
2021-08-01,73086
2021-08-02,83305
2021-08-03,93910
2021-08-04,97778
2021-08-05,99331
2021-08-06,97852
2021-08-07,90630
2021-08-08,74449
2021-08-09,83046
2021-08-10,96402
2021-08-11,100816
2021-08-12,99203
2021-08-13,99126
2021-08-14,91550
2021-08-15,76813
2021-08-16,82197
2021-08-17,91749
2021-08-18,95926
2021-08-19,99488
2021-08-20,99268
2021-08-21,98613
2021-08-22,53247
2021-08-23,80802
2021-08-24,93733
2021-08-25,98428
2021-08-26,101124
2021-08-27,96582
2021-08-28,89008
2021-08-29,73010
2021-08-30,84107
2021-08-31,93716
2021-09-01,88185
2021-09-02,93100
2021-09-03,95630
2021-09-04,88527
2021-09-05,74209
2021-09-06,71712
2021-09-07,88673
2021-09-08,102042
2021-09-09,105817
2021-09-10,109813
2021-09-11,107560
2021-09-12,87232
2021-09-13,95735
2021-09-14,102209
2021-09-15,106884
2021-09-16,102456
2021-09-17,110693
2021-09-18,111362
2021-09-19,88272
2021-09-20,92218
2021-09-21,99868
2021-09-22,105877
2021-09-23,104169
2021-09-24,109419
2021-09-25,112977
2021-09-26,91222
2021-09-27,93752
2021-09-28,100970
2021-09-29,108179
2021-09-30,115013
2021-10-01,117104
2021-10-02,115086
2021-10-03,91230
2021-10-04,96858
2021-10-05,106648
2021-10-06,113020
2021-10-07,118556
2021-10-08,120242
2021-10-09,116817
2021-10-10,93850
2021-10-11,86890
2021-10-12,108054
2021-10-13,112723
2021-10-14,121767
2021-10-15,124091
2021-10-16,121955
2021-10-17,100790
2021-10-18,103856
2021-10-19,110716
2021-10-20,119077
2021-10-21,122809
2021-10-22,122858
2021-10-23,119757
2021-10-24,98929
2021-10-25,99949
2021-10-26,101866
2021-10-27,119847
2021-10-28,125607
2021-10-29,130631
2021-10-30,119589
2021-10-31,102310
2021-11-01,106500
2021-11-02,115847
2021-11-03,121837
2021-11-04,127917
2021-11-05,129921
2021-11-06,131460
2021-11-07,100647
2021-11-08,106822
2021-11-09,118745
2021-11-10,126617
2021-11-11,123715
2021-11-12,128010
2021-11-13,132310
2021-11-14,109696
2021-11-15,114815
2021-11-16,122702
2021-11-17,126605
2021-11-18,133377
2021-11-19,135462
2021-11-20,131453
2021-11-21,105078
2021-11-22,112469
2021-11-23,120235
2021-11-24,108408
2021-11-25,70312
2021-11-26,89887
2021-11-27,104505
2021-11-28,90990
2021-11-29,107130
2021-11-30,119420
2021-12-01,122007
2021-12-02,128647
2021-12-03,136231
2021-12-04,132392
2021-12-05,109654
2021-12-06,112665
2021-12-07,126649
2021-12-08,131663
2021-12-09,134724
2021-12-10,133497
2021-12-11,130247
2021-12-12,107167
2021-12-13,111299
2021-12-14,120218
2021-12-15,125048
2021-12-16,126270
2021-12-17,124147
2021-12-18,110282
2021-12-19,91202
2021-12-20,94213
2021-12-21,93095
2021-12-22,91699
2021-12-23,87850
2021-12-24,69619
2021-12-25,40807
2021-12-26,54705
2021-12-27,69897
2021-12-28,75037
2021-12-29,74989
2021-12-30,77968
2021-12-31,70402
2022-01-01,63441
2022-01-02,58421
2022-01-03,72405
2022-01-04,74562
2022-01-05,74592
2022-01-06,79909
2022-01-07,71590
2022-01-08,83177
2022-01-09,64014
2022-01-10,73692
2022-01-11,77603
2022-01-12,80352
2022-01-13,84952
2022-01-14,93817
2022-01-15,88704
2022-01-16,72783
2022-01-17,63518
2022-01-18,84603
2022-01-19,86640
2022-01-20,90778
2022-01-21,101054
2022-01-22,96587
2022-01-23,76914
2022-01-24,78541
2022-01-25,87349
2022-01-26,96747
2022-01-27,99766
2022-01-28,95873
2022-01-29,34388
2022-01-30,71229
2022-01-31,85899
2022-02-01,92360
2022-02-02,92576
2022-02-03,104562
2022-02-04,110309
2022-02-05,116980
2022-02-06,88141
2022-02-07,88867
2022-02-08,102781
2022-02-09,106089
2022-02-10,112804
2022-02-11,117752
2022-02-12,119684
2022-02-13,93022
2022-02-14,110542
2022-02-15,110483
2022-02-16,110268
2022-02-17,113142
2022-02-18,116275
2022-02-19,114374
2022-02-20,95331
2022-02-21,85869
2022-02-22,101396
2022-02-23,112205
2022-02-24,119890
2022-02-25,118228
2022-02-26,123056
2022-02-27,100167
2022-02-28,102266
2022-03-01,113959
2022-03-02,119863
2022-03-03,129290
2022-03-04,128505
2022-03-05,120368
2022-03-06,95853
2022-03-07,99695
2022-03-08,117165
2022-03-09,120057
2022-03-10,124861
2022-03-11,129455
2022-03-12,121777
2022-03-13,100133
2022-03-14,98693
2022-03-15,112732
2022-03-16,119733
2022-03-17,116634
2022-03-18,128278
2022-03-19,120655
2022-03-20,100169
2022-03-21,100551
2022-03-22,113333
2022-03-23,122056
2022-03-24,124345
2022-03-25,124059
2022-03-26,127324
2022-03-27,107222
2022-03-28,112277
2022-03-29,123866
2022-03-30,126442
2022-03-31,128538
2022-04-01,135560
2022-04-02,127960
2022-04-03,104450
2022-04-04,109726
2022-04-05,121968
2022-04-06,124765
2022-04-07,129116
2022-04-08,130708
2022-04-09,128585
2022-04-10,109767
2022-04-11,107538
2022-04-12,117812
2022-04-13,122117
2022-04-14,128182
2022-04-15,121835
2022-04-16,115280
2022-04-17,96306
2022-04-18,103235
2022-04-19,118539
2022-04-20,121534
2022-04-21,127415
2022-04-22,128247
2022-04-23,124414
2022-04-24,103937
2022-04-25,106623
2022-04-26,120156
2022-04-27,127674
2022-04-28,129292
2022-04-29,129113
2022-04-30,128048
2022-05-01,100240
2022-05-02,95618
2022-05-03,120456
2022-05-04,125434
2022-05-05,131774
2022-05-06,128036
2022-05-07,118187
2022-05-08,103578
2022-05-09,107893
2022-05-10,121334
2022-05-11,127614
2022-05-12,133017
2022-05-13,129999
2022-05-14,125805
2022-05-15,106633
2022-05-16,113886
2022-05-17,122954
2022-05-18,125687
2022-05-19,128777
2022-05-20,123896
2022-05-21,124071
2022-05-22,101488
2022-05-23,110461
2022-05-24,120596
2022-05-25,121986
2022-05-26,121296
2022-05-27,110473
2022-05-28,98828
2022-05-29,91671
2022-05-30,83190
2022-05-31,113414
2022-06-01,121919
2022-06-02,125442
2022-06-03,124843
2022-06-04,122564
2022-06-05,102225
2022-06-06,112515
2022-06-07,127606
2022-06-08,129391
2022-06-09,132859
2022-06-10,128739
2022-06-11,121444
2022-06-12,99095
2022-06-13,118511
2022-06-14,125404
2022-06-15,130473
2022-06-16,129297
2022-06-17,125639
2022-06-18,116015
2022-06-19,98895
2022-06-20,100787
2022-06-21,121645
2022-06-22,123232
2022-06-23,130512
2022-06-24,124645
2022-06-25,119974
2022-06-26,93154
2022-06-27,104815
2022-06-28,114168
2022-06-29,117386
2022-06-30,114440
2022-07-01,102176
2022-07-02,86782
2022-07-03,74899
2022-07-04,64887
2022-07-05,94906
2022-07-06,103805
2022-07-07,108181
2022-07-08,104675
2022-07-09,96848
2022-07-10,85315
2022-07-11,97683
2022-07-12,113204
2022-07-13,118331
2022-07-14,118605
2022-07-15,111240
2022-07-16,107205
2022-07-17,90877
2022-07-18,97683
2022-07-19,115112
2022-07-20,118961
2022-07-21,117184
2022-07-22,110232
2022-07-23,104466
2022-07-24,91216
2022-07-25,95691
2022-07-26,110850
2022-07-27,115698
2022-07-28,116813
2022-07-29,110678
2022-07-30,102431
2022-07-31,87707
2022-08-01,92309
2022-08-02,108256
2022-08-03,110853
2022-08-04,113408
2022-08-05,108362
2022-08-06,105647
2022-08-07,87277
2022-08-08,97791
2022-08-09,112476
2022-08-10,85626
2022-08-11,114694
2022-08-12,108633
2022-08-13,100702
2022-08-14,85750
2022-08-15,92816
2022-08-16,104352
2022-08-17,107363
2022-08-18,109376
2022-08-19,105384
2022-08-20,101258
2022-08-21,86306
2022-08-22,91612
2022-08-23,105238
2022-08-24,107904
2022-08-25,109576
2022-08-26,105994
2022-08-27,103349
2022-08-28,87886
2022-08-29,91401
2022-08-30,105144
2022-08-31,105951
2022-09-01,106978
2022-09-02,103320
2022-09-03,96934
2022-09-04,88481
2022-09-05,80419
2022-09-06,102106
2022-09-07,118921
2022-09-08,124662
2022-09-09,125174
2022-09-10,117628
2022-09-11,101167
2022-09-12,110826
2022-09-13,122003
2022-09-14,124052
2022-09-15,127956
2022-09-16,125862
2022-09-17,59501
2022-09-18,4229
2022-09-19,105585
2022-09-20,106678
2022-09-21,102864
2022-09-22,109086
2022-09-23,119173
2022-09-24,117453
2022-09-25,99174
2022-09-26,97024
2022-09-27,113328
2022-09-28,122550
2022-09-29,126801
2022-09-30,123849
2022-10-01,118068
2022-10-02,95806
2022-10-03,108671
2022-10-04,109671
2022-10-05,114764
2022-10-06,123838
2022-10-07,125029
2022-10-08,122419
2022-10-09,98213
2022-10-10,94815
2022-10-11,119423
2022-10-12,124848
2022-10-13,128716
2022-10-14,127324
2022-10-15,127002
2022-10-16,108571
2022-10-17,111867
2022-10-18,124694
2022-10-19,129781
2022-10-20,132409
2022-10-21,129437
2022-10-22,128225
2022-10-23,105866
2022-10-24,111417
2022-10-25,123128
2022-10-26,128891
2022-10-27,132412
2022-10-28,132215
2022-10-29,127966
2022-10-30,108386
2022-10-31,101501
2022-11-01,120515
2022-11-02,126271
2022-11-03,131484
2022-11-04,130682
2022-11-05,130401
2022-11-06,104570
2022-11-07,112135
2022-11-08,121121
2022-11-09,128700
2022-11-10,132727
2022-11-11,117728
2022-11-12,130944
2022-11-13,114269
2022-11-14,82278
2022-11-15,90728
2022-11-16,92660
2022-11-17,95344
2022-11-18,95454
2022-11-19,94932
2022-11-20,81125
2022-11-21,108526
2022-11-22,114546
2022-11-23,105640
2022-11-24,69663
2022-11-25,86607
2022-11-26,99513
2022-11-27,90529
2022-11-28,106488
2022-11-29,119372
2022-11-30,117718
2022-12-01,130641
2022-12-02,129951
2022-12-03,129172
2022-12-04,111619
2022-12-05,113626
2022-12-06,120179
2022-12-07,125589
2022-12-08,133862
2022-12-09,135397
2022-12-10,129278
2022-12-11,107756
2022-12-12,112374
2022-12-13,124239
2022-12-14,129324
2022-12-15,131175
2022-12-16,127755
2022-12-17,125382
2022-12-18,102878
2022-12-19,112460
2022-12-20,116021
2022-12-21,113560
2022-12-22,102850
2022-12-23,95028
2022-12-24,75519
2022-12-25,50109
2022-12-26,67459
2022-12-27,86290
2022-12-28,89065
2022-12-29,93498
2022-12-30,92429
2022-12-31,85075
2023-01-01,76752
2023-01-02,65777
2023-01-03,85783
2023-01-04,95092
2023-01-05,101063
2023-01-06,102550
2023-01-07,105036
2023-01-08,85056
2023-01-09,85349
2023-01-10,99916
2023-01-11,106118
2023-01-12,111386
2023-01-13,110719
2023-01-14,112950
2023-01-15,96844
2023-01-16,80120
2023-01-17,101052
2023-01-18,106152
2023-01-19,114603
2023-01-20,109444
2023-01-21,111999
2023-01-22,89651
2023-01-23,89791
2023-01-24,103858
2023-01-25,109196
2023-01-26,114877
2023-01-27,111668
2023-01-28,111645
2023-01-29,88131
2023-01-30,83768
2023-01-31,100380
2023-02-01,107780
2023-02-02,113074
2023-02-03,115149
2023-02-04,98236
2023-02-05,84099
2023-02-06,91046
2023-02-07,106097
2023-02-08,108397
2023-02-09,115122
2023-02-10,114361
2023-02-11,114484
2023-02-12,94403
2023-02-13,92981
2023-02-14,108344
2023-02-15,110638
2023-02-16,112816
2023-02-17,111745
2023-02-18,105272
2023-02-19,90018
2023-02-20,79583
2023-02-21,99877
2023-02-22,110874
2023-02-23,115242
2023-02-24,115492
2023-02-25,113591
2023-02-26,91145
2023-02-27,92992
2023-02-28,101145
2023-03-01,115297
2023-03-02,118944
2023-03-03,116428
2023-03-04,113201
2023-03-05,97012
2023-03-06,93563
2023-03-07,113802
2023-03-08,117449
2023-03-09,121705
2023-03-10,121793
2023-03-11,111369
2023-03-12,95149
2023-03-13,100498
2023-03-14,107682
2023-03-15,120047
2023-03-16,124026
2023-03-17,112560
2023-03-18,121648
2023-03-19,100555
2023-03-20,91489
2023-03-21,101875
2023-03-22,106032
2023-03-23,114123
2023-03-24,111041
2023-03-25,115598
2023-03-26,94130
2023-03-27,96449
2023-03-28,104320
2023-03-29,111286
2023-03-30,119315
2023-03-31,115274
2023-04-01,117001
2023-04-02,99876
2023-04-03,96915
2023-04-04,108589
2023-04-05,115650
2023-04-06,108133
2023-04-07,106042
2023-04-08,101579
2023-04-09,88448
2023-04-10,89793
2023-04-11,104907
2023-04-12,113283
2023-04-13,122099
2023-04-14,123985
2023-04-15,118936
2023-04-16,98528
2023-04-17,97845
2023-04-18,115015
2023-04-19,117691
2023-04-20,125748
2023-04-21,116912
2023-04-22,118000
2023-04-23,98060
2023-04-24,99928
2023-04-25,112873
2023-04-26,120136
2023-04-27,124363
2023-04-28,123181
2023-04-29,110530
2023-04-30,94202
2023-05-01,99694
2023-05-02,115062
2023-05-03,119584
2023-05-04,126709
2023-05-05,121662
2023-05-06,121580
2023-05-07,101326
2023-05-08,98829
2023-05-09,115881
2023-05-10,120905
2023-05-11,130176
2023-05-12,126017
2023-05-13,122061
2023-05-14,109618
2023-05-15,109010
2023-05-16,124635
2023-05-17,132303
2023-05-18,134666
2023-05-19,128064
2023-05-20,119245
2023-05-21,102831
2023-05-22,103944
2023-05-23,116525
2023-05-24,125529
2023-05-25,117282
2023-05-26,102637
2023-05-27,94051
2023-05-28,83598
2023-05-29,75328
2023-05-30,100255
2023-05-31,114657
2023-06-01,123274
2023-06-02,118971
2023-06-03,118159
2023-06-04,100293
2023-06-05,103470
2023-06-06,121171
2023-06-07,123777
2023-06-08,119707
2023-06-09,115274
2023-06-10,112661
2023-06-11,97186
2023-06-12,107280
2023-06-13,117830
2023-06-14,122674
2023-06-15,127950
2023-06-16,111438
2023-06-17,106180
2023-06-18,92330
2023-06-19,86472
2023-06-20,108308
2023-06-21,116382
2023-06-22,121639
2023-06-23,114620
2023-06-24,109367
2023-06-25,94615
2023-06-26,100099
2023-06-27,109565
2023-06-28,105972
2023-06-29,105334
2023-06-30,95220
2023-07-01,81246
2023-07-02,68484
2023-07-03,64545
2023-07-04,57463
2023-07-05,84857
2023-07-06,93055
2023-07-07,90544
2023-07-08,90854
2023-07-09,79624
2023-07-10,88708
2023-07-11,103604
2023-07-12,110270
2023-07-13,112990
2023-07-14,99096
2023-07-15,101121
2023-07-16,80846
2023-07-17,93782
2023-07-18,106373
2023-07-19,110950
2023-07-20,111622
2023-07-21,100512
2023-07-22,99855
2023-07-23,86900
2023-07-24,89904
2023-07-25,102878
2023-07-26,109255
2023-07-27,112863
2023-07-28,103060
2023-07-29,97580
2023-07-30,88221
2023-07-31,86006
2023-08-01,98390
2023-08-02,101581
2023-08-03,103025
2023-08-04,92055
2023-08-05,93117
2023-08-06,81141
2023-08-07,83589
2023-08-08,95660
2023-08-09,100223
2023-08-10,104847
2023-08-11,92468
2023-08-12,90486
2023-08-13,80640
2023-08-14,83588
2023-08-15,93189
2023-08-16,99562
2023-08-17,100030
2023-08-18,89969
2023-08-19,90381
2023-08-20,78346
2023-08-21,79909
2023-08-22,86919
2023-08-23,92261
2023-08-24,95449
2023-08-25,89251
2023-08-26,90883
2023-08-27,81571
2023-08-28,78296
2023-08-29,93828
2023-08-30,92289
2023-08-31,91256
2023-09-01,86692
2023-09-02,82424
2023-09-03,79003
2023-09-04,72691
2023-09-05,102694
2023-09-06,117759
2023-09-07,129391
2023-09-08,124668
2023-09-09,117255
2023-09-10,105142
2023-09-11,107401
2023-09-12,119000
2023-09-13,118623
2023-09-14,125129
2023-09-15,116571
2023-09-16,111808
2023-09-17,95051
2023-09-18,96460
2023-09-19,104565
2023-09-20,108434
2023-09-21,41939
2023-09-22,4633
2023-09-23,5732
2023-09-24,4813
2023-09-25,91344
2023-09-26,112520
2023-09-27,119199
2023-09-28,127429
2023-09-29,105091
2023-09-30,113279
2023-10-01,102966
2023-10-02,99827
2023-10-03,112850
2023-10-04,119095
2023-10-05,123621
2023-10-06,116222
2023-10-07,112972
2023-10-08,98326
2023-10-09,85555
2023-10-10,110541
2023-10-11,118432
2023-10-12,127614
2023-10-13,118268
2023-10-14,121768
2023-10-15,103475
2023-10-16,102364
2023-10-17,116150
2023-10-18,120467
2023-10-19,127878
2023-10-20,124267
2023-10-21,121450
2023-10-22,107336
2023-10-23,99719
2023-10-24,113339
2023-10-25,119898
2023-10-26,130057
2023-10-27,127354
2023-10-28,131465
2023-10-29,109643
2023-10-30,97525
2023-10-31,101825
2023-11-01,126562
2023-11-02,128421
2023-11-03,122529
2023-11-04,123317
2023-11-05,107784
2023-11-06,102758
2023-11-07,112882
2023-11-08,124391
2023-11-09,129228
2023-11-10,125938
2023-11-11,124613
2023-11-12,108879
2023-11-13,103141
2023-11-14,118096
2023-11-15,124883
2023-11-16,131292
2023-11-17,122008
2023-11-18,127206
2023-11-19,99189
2023-11-20,99308
2023-11-21,111977
2023-11-22,92139
2023-11-23,64781
2023-11-24,77797
2023-11-25,88527
2023-11-26,85035
2023-11-27,96723
2023-11-28,120317
2023-11-29,115023
2023-11-30,124987
2023-12-01,128921
2023-12-02,122511
2023-12-03,106252
2023-12-04,102315
2023-12-05,120843
2023-12-06,129582
2023-12-07,135537
2023-12-08,132806
2023-12-09,135520
2023-12-10,112334
2023-12-11,110609
2023-12-12,126800
2023-12-13,136325
2023-12-14,144978
2023-12-15,141746
2023-12-16,136909
2023-12-17,107657
2023-12-18,101583
2023-12-19,122043
2023-12-20,118701
2023-12-21,117094
2023-12-22,111386
2023-12-23,83312
2023-12-24,65697
2023-12-25,45466
2023-12-26,68261
2023-12-27,81293
2023-12-28,84419
2023-12-29,86171
2023-12-30,82501
2023-12-31,76955
2024-01-01,81013
2024-01-02,75519
2024-01-03,82427
2024-01-04,102901
2024-01-05,103178
2024-01-06,97117
2024-01-07,67543
2024-01-08,80034
2024-01-09,93962
2024-01-10,95000
2024-01-11,105010
2024-01-12,103655
2024-01-13,104758
2024-01-14,94420
2024-01-15,77033
2024-01-16,93057
2024-01-17,110365
2024-01-18,110358
2024-01-19,95951
2024-01-20,108768
2024-01-21,84502
2024-01-22,85650
2024-01-23,99891
2024-01-24,105120
2024-01-25,110318
2024-01-26,105804
2024-01-27,110515
2024-01-28,92837
2024-01-29,84547
2024-01-30,101233
2024-01-31,102131
2024-02-01,109997
2024-02-02,105470
2024-02-03,110603
2024-02-04,88091
2024-02-05,88421
2024-02-06,102152
2024-02-07,102971
2024-02-08,114063
2024-02-09,110502
2024-02-10,111655
2024-02-11,96566
2024-02-12,92090
2024-02-13,69067
2024-02-14,121771
2024-02-15,122956
2024-02-16,105841
2024-02-17,105811
2024-02-18,93788
2024-02-19,76073
2024-02-20,97086
2024-02-21,103545
2024-02-22,115608
2024-02-23,102442
2024-02-24,117831
2024-02-25,95826
2024-02-26,86321
2024-02-27,118614
2024-02-28,112463
2024-02-29,129890
